item_code,item_name,manufacturer_id,manufacturer_name,category_1,category_2,volume_value,volume_unit,standard_volume,default_pack_qty,difficulty_tier,benchmark_speed_hr
ITM-0001,(냉동)가는면발우동면,MFG-098,기타제조사,과자,스낵,,,-,8,저난이도 (16개 미만),900.0
ITM-0002,2%복숭아,MFG-008,롯데칠성음료,음료,혼합음료/음료수,,,1.5L,12,저난이도 (16개 미만),600.0
ITM-0003,4색쿨믹스,MFG-098,기타제조사,과자,스낵,,,-,15,저난이도 (16개 미만),480.0
ITM-0004,ABC초코,MFG-001,롯데웰푸드,과자,초콜릿,,,72g,20,중난이도 (16~31개),360.0
ITM-0005,ABC초코쿠키,MFG-001,롯데웰푸드,과자,비스킷/쿠키,,,152g,32,고난이도 (32개 초과),225.0
ITM-0006,NEW칸츄리콘,MFG-002,해태제과,과자,스낵,,,90g,16,중난이도 (16~31개),450.0
ITM-0007,The빠새,MFG-002,해태제과,과자,스낵,,,100g,10,저난이도 (16개 미만),720.0
ITM-0008,V라인수염차유기농,MFG-098,기타제조사,음료,음료수,,,-,24,중난이도 (16~31개),300.0
ITM-0009,ZERO말차크림모나카,MFG-098,기타제조사,과자,아이스크림,,,-,24,중난이도 (16~31개),300.0
ITM-0010,box,MFG-098,기타제조사,과자,스낵,,,-,1,저난이도 (16개 미만),7200.0
ITM-0011,box(외포장라벨링),MFG-099,공통/물류,물류소모품,소모품,,,-,1,저난이도 (16개 미만),7200.0
ITM-0012,가나마일드,MFG-001,롯데웰푸드,과자,초콜릿,,,70g,40,고난이도 (32개 초과),180.0
ITM-0013,가나밀크,MFG-001,롯데웰푸드,과자,스낵,,,-,40,고난이도 (32개 초과),180.0
ITM-0014,가나프리미엄랑드샤모카,MFG-001,롯데웰푸드,과자,비스킷/쿠키,,,91g,12,저난이도 (16개 미만),600.0
ITM-0015,가나프리미엄랑드샤쇼콜라,MFG-001,롯데웰푸드,과자,스낵,,,-,12,저난이도 (16개 미만),600.0
ITM-0016,갈배사이다,MFG-012,해태htb,음료,탄산음료,,,1.5L,12,저난이도 (16개 미만),600.0
ITM-0017,갈아만든딸기,MFG-012,해태htb,음료,과채음료,,,238x12,72,고난이도 (32개 초과),100.0
ITM-0018,갈아만든배,MFG-012,해태htb,음료,과채음료,,,238x12,72,고난이도 (32개 초과),100.0
ITM-0019,감자올모짜핫도그,MFG-098,기타제조사,과자,스낵,,,-,12,저난이도 (16개 미만),600.0
ITM-0020,검은콩칼슘,MFG-098,기타제조사,과자,스낵,,,-,12,저난이도 (16개 미만),600.0
ITM-0021,검은콩호두와아몬드,MFG-098,기타제조사,과자,스낵,,,-,12,저난이도 (16개 미만),600.0
ITM-0022,계란과자,MFG-002,해태제과,과자,비스킷/쿠키,,,45g,20,중난이도 (16~31개),360.0
ITM-0023,고기엔참소스,MFG-098,기타제조사,과자,스낵,,,-,20,중난이도 (16~31개),360.0
ITM-0024,고래밥볶음,MFG-003,오리온,과자,스낵,,,160g,12,저난이도 (16개 미만),600.0
ITM-0025,고소미,MFG-003,오리온,과자,비스킷/쿠키,,,70g,20,중난이도 (16~31개),360.0
ITM-0026,고소한땅콩샌드,MFG-004,크라운제과,과자,비스킷/쿠키,,,93g,20,중난이도 (16~31개),360.0
ITM-0027,고소한미숫가루두유,MFG-098,기타제조사,과자,스낵,,,-,3,저난이도 (16개 미만),2400.0
ITM-0028,고소한한입인절미쌀과자,MFG-098,기타제조사,과자,스낵,,,-,12,저난이도 (16개 미만),600.0
ITM-0029,고향만두김치,MFG-011,해태제과식품,냉동식품,만두,,,450g,12,저난이도 (16개 미만),600.0
ITM-0030,고향만두야채,MFG-011,해태제과식품,냉동식품,만두,,,-,10,저난이도 (16개 미만),720.0
ITM-0031,고향만두야채(대),MFG-011,해태제과식품,냉동식품,만두,,,1350g,6,저난이도 (16개 미만),1200.0
ITM-0032,고향만두야채(중),MFG-011,해태제과식품,냉동식품,만두,,,567g,10,저난이도 (16개 미만),720.0
ITM-0033,고향만두잡채,MFG-011,해태제과식품,냉동식품,만두,,,450g,12,저난이도 (16개 미만),600.0
ITM-0034,고향찹쌀만두피,MFG-011,해태제과식품,냉동식품,만두피,,,260g,24,중난이도 (16~31개),300.0
ITM-0035,고향찹쌀왕만두피,MFG-011,해태제과식품,냉동식품,만두피,,,360g,18,중난이도 (16~31개),400.0
ITM-0036,광동V라인슬림핏,MFG-006,광동제약,음료,건강음료,,,-,50,고난이도 (32개 초과),144.0
ITM-0037,광동공진단(10환),MFG-006,광동제약,음료,건강음료,,,-,1,저난이도 (16개 미만),7200.0
ITM-0038,광동공진단(90환),MFG-006,광동제약,음료,건강음료,,,-,1,저난이도 (16개 미만),7200.0
ITM-0039,광동대추쌍화,MFG-006,광동제약,음료,전통차/건강음료,,,150ml,40,고난이도 (32개 초과),180.0
ITM-0040,광동대추쌍화진(낱개),MFG-006,광동제약,음료,전통차/건강음료,,,100ml,10,저난이도 (16개 미만),720.0
ITM-0041,광동더진한헛개차(골드라벨),MFG-006,광동제약,음료,음료수,,,-,24,중난이도 (16~31개),300.0
ITM-0042,광동돼지감자차,MFG-006,광동제약,음료,차음료,,,500ml,24,중난이도 (16~31개),300.0
ITM-0043,광동밀싹보리차,MFG-006,광동제약,음료,음료수,,,-,12,저난이도 (16개 미만),600.0
ITM-0044,광동발효홍삼골드,MFG-006,광동제약,음료,건강음료,,,100ml,50,고난이도 (32개 초과),144.0
ITM-0045,광동복분자,MFG-006,광동제약,음료,과채/건강음료,,,100ml,100,고난이도 (32개 초과),72.0
ITM-0046,광동비타500,MFG-006,광동제약,음료,비타민음료,,,100x10,100,고난이도 (32개 초과),72.0
ITM-0047,광동비타500(아연),MFG-006,광동제약,음료,비타민음료,,,180ml,40,고난이도 (32개 초과),180.0
ITM-0048,광동비타500F캔,MFG-006,광동제약,음료,비타민음료,,,240ml,24,중난이도 (16~31개),300.0
ITM-0049,광동비타500zero,MFG-006,광동제약,음료,비타민음료,,,100ml,100,고난이도 (32개 초과),72.0
ITM-0050,광동비타500zero스파클링,MFG-006,광동제약,음료,탄산음료,,,250ml,24,중난이도 (16~31개),300.0
ITM-0051,광동비타500zero스파클링유자,MFG-006,광동제약,음료,탄산음료,,,250ml,24,중난이도 (16~31개),300.0
ITM-0052,광동비타500로열폴리스,MFG-006,광동제약,음료,비타민음료,,,100ml,50,고난이도 (32개 초과),144.0
ITM-0053,광동비타500비타민D1000IU,MFG-006,광동제약,음료,비타민음료,,,100ml,100,고난이도 (32개 초과),72.0
ITM-0054,광동비타500스파클링,MFG-006,광동제약,음료,탄산음료,,,250ml,24,중난이도 (16~31개),300.0
ITM-0055,광동비타500신병,MFG-006,광동제약,음료,비타민음료,,,100x10,10,저난이도 (16개 미만),720.0
ITM-0056,광동비타500오리지널,MFG-006,광동제약,음료,건강음료,,,-,100,고난이도 (32개 초과),72.0
ITM-0057,광동비타500이온킥제로,MFG-006,광동제약,음료,혼합음료/스포츠음료,,,500ml,20,중난이도 (16~31개),360.0
ITM-0058,광동비타500젤리,MFG-006,광동제약,과자,젤리/캔디,,,48x10,5,저난이도 (16개 미만),1440.0
ITM-0059,광동비타500치어팩,MFG-006,광동제약,음료,비타민음료,,,250ml,30,중난이도 (16~31개),240.0
ITM-0060,광동산삼배양근,MFG-006,광동제약,음료,건강음료,,,100ml,50,고난이도 (32개 초과),144.0
ITM-0061,광동산삼배양근진액,MFG-006,광동제약,음료,건강음료,,,100ml,50,고난이도 (32개 초과),144.0
ITM-0062,광동생강쌍화,MFG-006,광동제약,음료,전통차/건강음료,,,120ml,100,고난이도 (32개 초과),72.0
ITM-0063,광동쌍화골드,MFG-006,광동제약,음료,전통차/건강음료,,,100ml,100,고난이도 (32개 초과),72.0
ITM-0064,광동옥수수수염차,MFG-006,광동제약,음료,차음료,,,500ml,20,중난이도 (16~31개),360.0
ITM-0065,광동우엉차,MFG-006,광동제약,음료,차음료,,,500ml,24,중난이도 (16~31개),300.0
ITM-0066,광동위생천,MFG-006,광동제약,음료,건강음료,,,75ml,10,저난이도 (16개 미만),720.0
ITM-0067,광동진쌍화,MFG-006,광동제약,음료,전통차/건강음료,,,100ml,100,고난이도 (32개 초과),72.0
ITM-0068,광동진한헛개차,MFG-006,광동제약,음료,차음료,,,1.5L,20,중난이도 (16~31개),360.0
ITM-0069,광동진홍삼골드,MFG-006,광동제약,음료,건강음료,,,100ml,100,고난이도 (32개 초과),72.0
ITM-0070,광동헛개파워,MFG-006,광동제약,음료,숙취해소음료,,,100ml,50,고난이도 (32개 초과),144.0
ITM-0071,광동홈삼꿀D,MFG-006,광동제약,음료,건강음료,,,100ml,100,고난이도 (32개 초과),72.0
ITM-0072,광옥고밸런스,MFG-098,기타제조사,과자,스낵,,,-,10,저난이도 (16개 미만),720.0
ITM-0073,구구바,MFG-098,기타제조사,과자,아이스크림,,,-,40,고난이도 (32개 초과),180.0
ITM-0074,구구콘초코,MFG-098,기타제조사,과자,아이스크림,,,-,24,중난이도 (16~31개),300.0
ITM-0075,구구크러스터,MFG-098,기타제조사,과자,스낵,,,-,6,저난이도 (16개 미만),1200.0
ITM-0076,구운감자,MFG-002,해태제과,과자,스낵,,,135g,10,저난이도 (16개 미만),720.0
ITM-0077,구운감자2번들,MFG-098,기타제조사,과자,스낵,,,-,15,저난이도 (16개 미만),480.0
ITM-0078,구운감자슬림,MFG-002,해태제과,과자,스낵,,,240g,12,저난이도 (16개 미만),600.0
ITM-0079,구운감자케이스,MFG-002,해태제과,과자,스낵,,,108g,12,저난이도 (16개 미만),600.0
ITM-0080,구운고구마,MFG-002,해태제과,과자,스낵,,,135g,10,저난이도 (16개 미만),720.0
ITM-0081,구운나초,MFG-098,기타제조사,과자,스낵,,,-,10,저난이도 (16개 미만),720.0
ITM-0082,구운양파,MFG-002,해태제과,과자,스낵,,,110g,12,저난이도 (16개 미만),600.0
ITM-0083,구워만든곡물그대로21,MFG-098,개미식품,과자,스낵,,,180g,16,중난이도 (16~31개),450.0
ITM-0084,국화빵,MFG-098,기타제조사,과자,스낵,,,-,24,중난이도 (16~31개),300.0
ITM-0085,국화빵멀티,MFG-001,롯데웰푸드,과자,아이스크림,,,750g,6,저난이도 (16개 미만),1200.0
ITM-0086,국화빵식물성오리지날,MFG-001,롯데웰푸드,과자,아이스크림,,,150g,24,중난이도 (16~31개),300.0
ITM-0087,국화빵오리지날,MFG-098,기타제조사,과자,스낵,,,-,24,중난이도 (16~31개),300.0
ITM-0088,국화빵정통찰떡모나카,MFG-001,롯데웰푸드,과자,아이스크림,,,-,24,중난이도 (16~31개),300.0
ITM-0089,국화빵찰떡모나카,MFG-001,롯데웰푸드,과자,아이스크림,,,150g,24,중난이도 (16~31개),300.0
ITM-0090,그레이스,MFG-098,기타제조사,과자,스낵,,,-,10,저난이도 (16개 미만),720.0
ITM-0091,그릭요거트바딸기,MFG-098,기타제조사,과자,아이스크림,,,-,36,고난이도 (32개 초과),200.0
ITM-0092,그릭요거트블루베리,MFG-098,기타제조사,과자,스낵,,,-,36,고난이도 (32개 초과),200.0
ITM-0093,김부각맛칩,MFG-002,해태제과,과자,스낵,,,120g,16,중난이도 (16~31개),450.0
ITM-0094,까스활명수,MFG-098,동화약품,음료,의약외품/건강음료,,,75x10,6,저난이도 (16개 미만),1200.0
ITM-0095,꼬깔콘고소한맛,MFG-001,롯데웰푸드,과자,스낵,,,67g,12,저난이도 (16개 미만),600.0
ITM-0096,꼬깔콘고소한맛(대),MFG-001,롯데웰푸드,과자,아이스크림,,,-,12,저난이도 (16개 미만),600.0
ITM-0097,꼬깔콘군옥수수,MFG-001,롯데웰푸드,과자,스낵,,,67g,12,저난이도 (16개 미만),600.0
ITM-0098,꼬깔콘군옥수수(대),MFG-001,롯데웰푸드,과자,아이스크림,,,-,12,저난이도 (16개 미만),600.0
ITM-0099,꼬깔콘군옥수수(소),MFG-001,롯데웰푸드,과자,아이스크림,,,-,12,저난이도 (16개 미만),600.0
ITM-0100,꼬깔콘매콤달콤,MFG-001,롯데웰푸드,과자,스낵,,,67g,12,저난이도 (16개 미만),600.0
ITM-0101,꼬깔콘매콤달콤(소),MFG-001,롯데웰푸드,과자,아이스크림,,,-,12,저난이도 (16개 미만),600.0
ITM-0102,꼬깔콘콘옥수수(대),MFG-001,롯데웰푸드,과자,아이스크림,,,-,12,저난이도 (16개 미만),600.0
ITM-0103,꼬북칩초코츄러스,MFG-003,오리온,과자,스낵,,,160g,14,저난이도 (16개 미만),514.3
ITM-0104,꼬북칩카라멜,MFG-003,오리온,과자,스낵,,,160g,14,저난이도 (16개 미만),514.3
ITM-0105,꼬북칩콘스프,MFG-003,오리온,과자,스낵,,,80g,12,저난이도 (16개 미만),600.0
ITM-0106,꼬불꼬불한매콤한라뽁이,MFG-098,기타제조사,과자,스낵,,,-,20,중난이도 (16~31개),360.0
ITM-0107,꿀꽈배기,MFG-005,농심,과자,스낵,,,300g,8,저난이도 (16개 미만),900.0
ITM-0108,나랑드사이다,MFG-007,동아오츠카,음료,탄산음료,,,1.5L,12,저난이도 (16개 미만),600.0
ITM-0109,나랑드사이다그린애플,MFG-007,동아오츠카,음료,탄산음료,,,245x6,24,중난이도 (16~31개),300.0
ITM-0110,나랑드사이다파인애플,MFG-007,동아오츠카,음료,탄산음료,,,245x6,24,중난이도 (16~31개),300.0
ITM-0111,내맘몰랑복숭아,MFG-098,서주,과자,젤리/캔디,,,50g,40,고난이도 (32개 초과),180.0
ITM-0112,내맘몰랑청사과,MFG-098,서주,과자,젤리/캔디,,,50g,40,고난이도 (32개 초과),180.0
ITM-0113,녹차메밀소바,MFG-098,기타제조사,과자,아이스크림,,,-,8,저난이도 (16개 미만),900.0
ITM-0114,다이제(롤),MFG-003,오리온,과자,비스킷/쿠키,,,194g,16,중난이도 (16~31개),450.0
ITM-0115,다이제초코(롤),MFG-003,오리온,과자,비스킷/쿠키,,,225g,16,중난이도 (16~31개),450.0
ITM-0116,닥터페퍼,MFG-098,코카-콜라음료,음료,탄산음료,,,355ml,24,중난이도 (16~31개),300.0
ITM-0117,닥터페퍼제로,MFG-098,코카-콜라음료,음료,탄산음료,,,355ml,24,중난이도 (16~31개),300.0
ITM-0118,단호박죽,MFG-098,기타제조사,과자,스낵,,,-,10,저난이도 (16개 미만),720.0
ITM-0119,닭다리너겟,MFG-005,농심,과자,스낵,,,130g,12,저난이도 (16개 미만),600.0
ITM-0120,닭다리스낵,MFG-005,농심,과자,스낵,,,280g,12,저난이도 (16개 미만),600.0
ITM-0121,닭다리핫술불바베큐,MFG-005,농심,과자,아이스크림,,,-,20,중난이도 (16~31개),360.0
ITM-0122,닭다리핫숯불바베큐,MFG-005,농심,과자,스낵,,,66g,20,중난이도 (16~31개),360.0
ITM-0123,닭다리후라이드,MFG-005,농심,과자,스낵,,,66g,20,중난이도 (16~31개),360.0
ITM-0124,대추쌍화,MFG-006,광동제약,음료,건강음료,,,-,40,고난이도 (32개 초과),180.0
ITM-0125,대추쌍화진,MFG-006,광동제약,음료,건강음료,,,-,10,저난이도 (16개 미만),720.0
ITM-0126,더블더블딸기&사과,MFG-098,기타제조사,과자,스낵,,,-,35,고난이도 (32개 초과),205.7
ITM-0127,더블더블슬러쉬,MFG-098,기타제조사,과자,스낵,,,-,35,고난이도 (32개 초과),205.7
ITM-0128,더블비얀코,MFG-001,롯데웰푸드,과자,아이스크림,,,210g,15,저난이도 (16개 미만),480.0
ITM-0129,더블비얀코베리&베리,MFG-001,롯데웰푸드,과자,아이스크림,,,185g,15,저난이도 (16개 미만),480.0
ITM-0130,더블비얀코트리플바닐라&딸기,MFG-098,기타제조사,과자,아이스크림,,,-,15,저난이도 (16개 미만),480.0
ITM-0131,더블비얀코트리플피넛&초코,MFG-098,기타제조사,과자,스낵,,,-,15,저난이도 (16개 미만),480.0
ITM-0132,더진한헛개차골드라벨,MFG-006,광동제약,음료,음료수,,,-,24,중난이도 (16~31개),300.0
ITM-0133,데미소다복숭아,MFG-007,동아오츠카,음료,탄산음료,,,250x6,30,중난이도 (16~31개),240.0
ITM-0134,데미소다애플,MFG-007,동아오츠카,음료,탄산음료,,,250x6,30,중난이도 (16~31개),240.0
ITM-0135,데미소다청포도,MFG-007,동아오츠카,음료,탄산음료,,,250x6,5,저난이도 (16개 미만),1440.0
ITM-0136,데미소다피치,MFG-007,동아오츠카,음료,탄산음료,,,250x6,30,중난이도 (16~31개),240.0
ITM-0137,도리토스나초치즈맛(소),MFG-001,롯데웰푸드,과자,스낵,,,84g,12,저난이도 (16개 미만),600.0
ITM-0138,도리토스나쵸치즈맛(대),MFG-098,기타제조사,과자,스낵,,,-,12,저난이도 (16개 미만),600.0
ITM-0139,도리토스나쵸치즈맛(소),MFG-098,기타제조사,과자,스낵,,,-,12,저난이도 (16개 미만),600.0
ITM-0140,돼지감자차,MFG-098,기타제조사,음료,음료수,,,-,24,중난이도 (16~31개),300.0
ITM-0141,돼지바,MFG-001,롯데웰푸드,과자,아이스크림,,,70g,40,고난이도 (32개 초과),180.0
ITM-0142,돼지바빵,MFG-001,롯데웰푸드,과자,아이스크림,,,-,24,중난이도 (16~31개),300.0
ITM-0143,돼지바저당,MFG-001,롯데웰푸드,과자,아이스크림,,,-,40,고난이도 (32개 초과),180.0
ITM-0144,돼지콘,MFG-001,롯데웰푸드,과자,아이스크림,,,160g,24,중난이도 (16~31개),300.0
ITM-0145,딸기미니웨하스,MFG-004,크라운제과,과자,비스킷/쿠키,,,150g,15,저난이도 (16개 미만),480.0
ITM-0146,딸기빼빼로,MFG-001,롯데웰푸드,과자,초콜릿/비스킷,,,32g,40,고난이도 (32개 초과),180.0
ITM-0147,딸기웨하스,MFG-004,크라운제과,과자,비스킷/쿠키,,,50g,40,고난이도 (32개 초과),180.0
ITM-0148,딸기카스타드,MFG-001,롯데웰푸드,과자,스낵,,,-,8,저난이도 (16개 미만),900.0
ITM-0149,땅콩강정,MFG-003,오리온,과자,스낵,,,80g,12,저난이도 (16개 미만),600.0
ITM-0150,땅콩카라멜,MFG-004,크라운제과,과자,젤리/캔디,,,120g,20,중난이도 (16~31개),360.0
ITM-0151,떳다떡볶이스낵,MFG-002,해태제과,과자,스낵,,,105g,24,중난이도 (16~31개),300.0
ITM-0152,떳다왕짱,MFG-002,해태제과,과자,스낵,,,220g,16,중난이도 (16~31개),450.0
ITM-0153,라멘뽀식이,MFG-098,기타제조사,과자,스낵,,,-,20,중난이도 (16~31개),360.0
ITM-0154,레츠비마일드,MFG-008,롯데칠성음료,음료,커피음료,,,175ml,30,중난이도 (16~31개),240.0
ITM-0155,레츠비마일드(미주용),MFG-008,롯데칠성음료,음료,음료수,,,-,30,중난이도 (16~31개),240.0
ITM-0156,레츠비마일드(호주용),MFG-008,롯데칠성음료,음료,음료수,,,-,30,중난이도 (16~31개),240.0
ITM-0157,레츠비모카라떼,MFG-008,롯데칠성음료,음료,커피음료,,,175ml,30,중난이도 (16~31개),240.0
ITM-0158,레츠비카페타임라떼,MFG-008,롯데칠성음료,음료,커피음료,,,240ml,30,중난이도 (16~31개),240.0
ITM-0159,롤리팝아이스,MFG-001,롯데웰푸드,과자,젤리/캔디,,,132g,14,저난이도 (16개 미만),514.3
ITM-0160,롤리폴리,MFG-002,해태제과,과자,비스킷/쿠키,,,62g,24,중난이도 (16~31개),300.0
ITM-0161,롤링바,MFG-098,기타제조사,과자,아이스크림,,,-,28,중난이도 (16~31개),257.1
ITM-0162,롯데트레이레몬,MFG-001,롯데웰푸드,과자,스낵,,,-,6,저난이도 (16개 미만),1200.0
ITM-0163,롯데파인애플벌크,MFG-001,롯데웰푸드,과자,스낵,,,-,12,저난이도 (16개 미만),600.0
ITM-0164,롯샌파이앤플,MFG-098,기타제조사,과자,스낵,,,-,30,중난이도 (16~31개),240.0
ITM-0165,롯샌파인애플,MFG-001,롯데웰푸드,과자,비스킷/쿠키,,,105g,30,중난이도 (16~31개),240.0
ITM-0166,롯샌파인애플벌크,MFG-098,기타제조사,과자,스낵,,,-,12,저난이도 (16개 미만),600.0
ITM-0167,리치치즈샌드,MFG-004,크라운제과,과자,비스킷/쿠키,,,45g,24,중난이도 (16~31개),300.0
ITM-0168,마가렛트,MFG-001,롯데웰푸드,과자,비스킷/쿠키,,,176g,12,저난이도 (16개 미만),600.0
ITM-0169,마가렛트(大),MFG-001,롯데웰푸드,과자,스낵,,,-,8,저난이도 (16개 미만),900.0
ITM-0170,마가렛트(小),MFG-001,롯데웰푸드,과자,스낵,,,-,12,저난이도 (16개 미만),600.0
ITM-0171,마린보이,MFG-003,오리온,과자,스낵,,,40g,30,중난이도 (16~31개),240.0
ITM-0172,마이구미포도,MFG-003,오리온,과자,젤리/캔디,,,66g,40,고난이도 (32개 초과),180.0
ITM-0173,마이쮸딸기,MFG-004,크라운제과,과자,젤리/캔디,,,44x15,8,저난이도 (16개 미만),900.0
ITM-0174,마이쮸딸기+사과트위스트,MFG-004,크라운제과,과자,젤리/캔디,,,-,10,저난이도 (16개 미만),720.0
ITM-0175,마이쮸사과,MFG-004,크라운제과,과자,젤리/캔디,,,44x15,8,저난이도 (16개 미만),900.0
ITM-0176,마이쮸애플망고,MFG-004,크라운제과,과자,젤리/캔디,,,44x15,120,고난이도 (32개 초과),60.0
ITM-0177,마이쮸자일리톨딸기,MFG-004,크라운제과,과자,젤리/캔디,,,110g,24,중난이도 (16~31개),300.0
ITM-0178,마이쮸자일리톨복숭아,MFG-004,크라운제과,과자,젤리/캔디,,,110g,24,중난이도 (16~31개),300.0
ITM-0179,마이쮸자일리톨사과,MFG-004,크라운제과,과자,젤리/캔디,,,-,24,중난이도 (16~31개),300.0
ITM-0180,마이쮸자일리톨포도,MFG-004,크라운제과,과자,젤리/캔디,,,110g,24,중난이도 (16~31개),300.0
ITM-0181,마이쮸포도,MFG-004,크라운제과,과자,젤리/캔디,,,44x15,8,저난이도 (16개 미만),900.0
ITM-0182,마이쮸포도+복숭아트위스트,MFG-004,크라운제과,과자,젤리/캔디,,,-,10,저난이도 (16개 미만),720.0
ITM-0183,마이쮸핑크리치,MFG-004,크라운제과,과자,젤리/캔디,,,44x15,120,고난이도 (32개 초과),60.0
ITM-0184,말랑카우딸기,MFG-001,롯데웰푸드,과자,젤리/캔디,,,79g,20,중난이도 (16~31개),360.0
ITM-0185,말랑카우밀크,MFG-001,롯데웰푸드,과자,젤리/캔디,,,79g,20,중난이도 (16~31개),360.0
ITM-0186,맛동산,MFG-002,해태제과,과자,스낵,,,90g,8,저난이도 (16개 미만),900.0
ITM-0187,맛동산8팩,MFG-002,해태제과,과자,스낵,,,304g,8,저난이도 (16개 미만),900.0
ITM-0188,맛동산밤라떼맛,MFG-098,기타제조사,음료,음료수,,,-,8,저난이도 (16개 미만),900.0
ITM-0189,망고바,MFG-001,롯데웰푸드,과자,아이스크림,,,80g,40,고난이도 (32개 초과),180.0
ITM-0190,망고캔,MFG-012,해태htb,음료,과채음료,,,240ml,30,중난이도 (16~31개),240.0
ITM-0191,매일요구르트로어슈거,MFG-098,기타제조사,과자,스낵,,,-,24,중난이도 (16~31개),300.0
ITM-0192,매일요구르트오어슈거,MFG-098,기타제조사,과자,스낵,,,-,24,중난이도 (16~31개),300.0
ITM-0193,먹태깡청양마요맛,MFG-005,농심,과자,스낵,,,60g,16,중난이도 (16~31개),450.0
ITM-0194,메가톤,MFG-001,롯데웰푸드,과자,아이스크림,,,70g,40,고난이도 (32개 초과),180.0
ITM-0195,메론케이크샌드,MFG-098,기타제조사,과자,스낵,,,-,24,중난이도 (16~31개),300.0
ITM-0196,메밀면,MFG-098,기타제조사,과자,스낵,,,-,8,저난이도 (16개 미만),900.0
ITM-0197,명가찰떡초코,MFG-001,롯데웰푸드,과자,초콜릿/떡,,,350g,8,저난이도 (16개 미만),900.0
ITM-0198,몽쉘오리지날,MFG-001,롯데웰푸드,과자,비스킷/케이크,,,204g,16,중난이도 (16~31개),450.0
ITM-0199,몽쉘카카오,MFG-001,롯데웰푸드,과자,비스킷/케이크,,,204g,16,중난이도 (16~31개),450.0
ITM-0200,몽쉘크림,MFG-001,롯데웰푸드,과자,비스킷/케이크,,,204g,16,중난이도 (16~31개),450.0
ITM-0201,물엿,MFG-098,기타제조사,과자,스낵,,,-,6,저난이도 (16개 미만),1200.0
ITM-0202,미국용초코파이바나나,MFG-003,오리온,과자,아이스크림,,,-,8,저난이도 (16개 미만),900.0
ITM-0203,미니자유시간,MFG-002,해태제과,과자,초콜릿,,,180g,12,저난이도 (16개 미만),600.0
ITM-0204,미림,MFG-008,롯데칠성음료,식품,조미료/맛술,,,1.8kg,6,저난이도 (16개 미만),1200.0
ITM-0205,밀강정,MFG-004,크라운제과,과자,스낵,,,80g,20,중난이도 (16~31개),360.0
ITM-0206,밀싹보리차,MFG-098,기타제조사,음료,음료수,,,-,20,중난이도 (16~31개),360.0
ITM-0207,밀키스,MFG-008,롯데칠성음료,음료,탄산음료,,,1.5L,12,저난이도 (16개 미만),600.0
ITM-0208,밀키스(내수용),MFG-008,롯데칠성음료,음료,탄산음료,,,250ml,30,중난이도 (16~31개),240.0
ITM-0209,밀키스(미주용),MFG-008,롯데칠성음료,음료,탄산음료,,,250ml,30,중난이도 (16~31개),240.0
ITM-0210,밀키스(캐나다용),MFG-008,롯데칠성음료,음료,탄산음료,,,250ml,30,중난이도 (16~31개),240.0
ITM-0211,밀키스(호주용),MFG-008,롯데칠성음료,음료,음료수,,,-,30,중난이도 (16~31개),240.0
ITM-0212,밀키스딸기,MFG-008,롯데칠성음료,음료,음료수,,,-,30,중난이도 (16~31개),240.0
ITM-0213,밀키스멜론,MFG-008,롯데칠성음료,음료,음료수,,,-,30,중난이도 (16~31개),240.0
ITM-0214,밀키스복숭아,MFG-008,롯데칠성음료,음료,탄산음료,,,250ml,30,중난이도 (16~31개),240.0
ITM-0215,밀키스제로,MFG-008,롯데칠성음료,음료,탄산음료,,,250ml,30,중난이도 (16~31개),240.0
ITM-0216,바나나킥,MFG-005,농심,과자,스낵,,,75g,20,중난이도 (16~31개),360.0
ITM-0217,바베큐맛스낵,MFG-098,기타제조사,과자,아이스크림,,,-,20,중난이도 (16~31개),360.0
ITM-0218,바삭한올모짜핫도그,MFG-098,기타제조사,과자,아이스크림,,,-,12,저난이도 (16개 미만),600.0
ITM-0219,바이오생과즙,MFG-098,매일유업,음료,유제품/요구르트,,,99ml,14,저난이도 (16개 미만),514.3
ITM-0220,바이오생우유,MFG-098,매일유업,음료,유제품/우유,,,99ml,14,저난이도 (16개 미만),514.3
ITM-0221,바이오필스트로베리,MFG-098,매일유업,음료,유제품/요구르트,,,63x25,4,저난이도 (16개 미만),1800.0
ITM-0222,바이오필파인애플,MFG-098,매일유업,음료,유제품/요구르트,,,63x25,4,저난이도 (16개 미만),1800.0
ITM-0223,바이오필플레인,MFG-098,매일유업,음료,유제품/요구르트,,,63x25,4,저난이도 (16개 미만),1800.0
ITM-0224,박카스,MFG-098,동아제약,음료,건강음료/의약외품,,,100ml,100,고난이도 (32개 초과),72.0
ITM-0225,발효홍삼골드,MFG-098,기타제조사,과자,스낵,,,-,50,고난이도 (32개 초과),144.0
ITM-0226,밤+팥양갱,MFG-002,해태제과,과자,젤리/양갱,,,500g,10,저난이도 (16개 미만),720.0
ITM-0227,배배,MFG-003,오리온,과자,비스킷/쿠키,,,80g,20,중난이도 (16~31개),360.0
ITM-0228,버터링골드,MFG-002,해태제과,과자,비스킷/쿠키,,,194g,12,저난이도 (16개 미만),600.0
ITM-0229,버터링딥라즈베리,MFG-002,해태제과,과자,비스킷/쿠키,,,155g,10,저난이도 (16개 미만),720.0
ITM-0230,버터링딥초코,MFG-002,해태제과,과자,비스킷/쿠키,,,155g,10,저난이도 (16개 미만),720.0
ITM-0231,버터링딥피스타치오&아몬드,MFG-002,해태제과,과자,비스킷/쿠키,,,155g,10,저난이도 (16개 미만),720.0
ITM-0232,버터와플,MFG-004,크라운제과,과자,비스킷/쿠키,,,135g,10,저난이도 (16개 미만),720.0
ITM-0233,벌집핏자,MFG-005,농심,과자,스낵,,,90g,20,중난이도 (16~31개),360.0
ITM-0234,별난바,MFG-098,기타제조사,과자,아이스크림,,,-,40,고난이도 (32개 초과),180.0
ITM-0235,보석바,MFG-001,롯데웰푸드,과자,아이스크림,,,80g,40,고난이도 (32개 초과),180.0
ITM-0236,복분자,MFG-098,기타제조사,과자,스낵,,,-,10,저난이도 (16개 미만),720.0
ITM-0237,복숭아봉봉,MFG-012,해태htb,음료,과채음료,,,238x12,72,고난이도 (32개 초과),100.0
ITM-0238,붕어빵믹스,MFG-098,오뚜기,식품,프리믹스,,,1KG,10,저난이도 (16개 미만),720.0
ITM-0239,비단박하,MFG-002,해태제과,과자,젤리/캔디,,,140g,20,중난이도 (16~31개),360.0
ITM-0240,비얀코트리플바닐라&딸기,MFG-098,기타제조사,과자,아이스크림,,,-,15,저난이도 (16개 미만),480.0
ITM-0241,비쵸비,MFG-003,오리온,과자,비스킷/초콜릿,,,125g,24,중난이도 (16~31개),300.0
ITM-0242,비타500,MFG-006,광동제약,음료,건강음료,,,-,10,저난이도 (16개 미만),720.0
ITM-0243,비타500ZERO스파클링,MFG-006,광동제약,음료,건강음료,,,-,24,중난이도 (16~31개),300.0
ITM-0244,비타500ZERO아이스,MFG-006,광동제약,과자,아이스크림,,,-,40,고난이도 (32개 초과),180.0
ITM-0245,비타500ZERO유자,MFG-006,광동제약,음료,건강음료,,,-,24,중난이도 (16~31개),300.0
ITM-0246,비타500비타민D,MFG-006,광동제약,음료,건강음료,,,-,100,고난이도 (32개 초과),72.0
ITM-0247,비타500오리지널,MFG-006,광동제약,음료,건강음료,,,-,100,고난이도 (32개 초과),72.0
ITM-0248,비타500이온킥,MFG-006,광동제약,음료,건강음료,,,-,30,중난이도 (16~31개),240.0
ITM-0249,비타500이온킥제로,MFG-006,광동제약,음료,건강음료,,,-,20,중난이도 (16~31개),360.0
ITM-0250,비타500제로스파클링,MFG-006,광동제약,음료,건강음료,,,-,24,중난이도 (16~31개),300.0
ITM-0251,비타500제로스파클링유자,MFG-006,광동제약,음료,건강음료,,,-,24,중난이도 (16~31개),300.0
ITM-0252,비타500제로아이스,MFG-006,광동제약,과자,아이스크림,,,-,40,고난이도 (32개 초과),180.0
ITM-0253,비타500젤리,MFG-006,광동제약,과자,젤리/캔디,,,-,5,저난이도 (16개 미만),1440.0
ITM-0254,비타500치어팩,MFG-006,광동제약,음료,건강음료,,,-,30,중난이도 (16~31개),240.0
ITM-0255,비타ZERO스파클링,MFG-098,기타제조사,과자,스낵,,,-,24,중난이도 (16~31개),300.0
ITM-0256,비타ZERO스파클링유자,MFG-098,기타제조사,과자,스낵,,,-,24,중난이도 (16~31개),300.0
ITM-0257,비타ZERO이온킥,MFG-098,기타제조사,과자,스낵,,,-,30,중난이도 (16~31개),240.0
ITM-0258,비타ZERO치어팩,MFG-098,기타제조사,과자,스낵,,,-,30,중난이도 (16~31개),240.0
ITM-0259,비타파워,MFG-006,광동제약,음료,비타민음료,,,100ml,100,고난이도 (32개 초과),72.0
ITM-0260,빅파이딸기,MFG-004,크라운제과,과자,비스킷/쿠키,,,216g,12,저난이도 (16개 미만),600.0
ITM-0261,빈츠,MFG-001,롯데웰푸드,과자,비스킷/초콜릿,,,102g,16,중난이도 (16~31개),450.0
ITM-0262,빙빙바,MFG-098,기타제조사,과자,아이스크림,,,-,40,고난이도 (32개 초과),180.0
ITM-0263,빠다코코낫,MFG-001,롯데웰푸드,과자,비스킷/쿠키,,,100g,30,중난이도 (16~31개),240.0
ITM-0264,빠삐코초코튜브,MFG-001,롯데웰푸드,과자,아이스크림,,,130g,35,고난이도 (32개 초과),205.7
ITM-0265,빵빠레딸기,MFG-098,기타제조사,과자,스낵,,,-,15,저난이도 (16개 미만),480.0
ITM-0266,빵빠레바닐라,MFG-001,롯데웰푸드,과자,아이스크림,,,195g,15,저난이도 (16개 미만),480.0
ITM-0267,빵빠레블루베리,MFG-098,기타제조사,과자,스낵,,,-,15,저난이도 (16개 미만),480.0
ITM-0268,빵빠레초코,MFG-001,롯데웰푸드,과자,아이스크림,,,195g,15,저난이도 (16개 미만),480.0
ITM-0269,빼빼로아이스바땅콩,MFG-001,롯데웰푸드,과자,아이스크림,,,-,40,고난이도 (32개 초과),180.0
ITM-0270,뽀또체다치즈,MFG-098,기타제조사,과자,스낵,,,-,12,저난이도 (16개 미만),600.0
ITM-0271,뽀또치즈타르트,MFG-004,크라운제과,과자,비스킷/쿠키,,,161g,10,저난이도 (16개 미만),720.0
ITM-0272,사루비아,MFG-002,해태제과,과자,비스킷/쿠키,,,60g,24,중난이도 (16~31개),300.0
ITM-0273,사브레,MFG-002,해태제과,과자,비스킷/쿠키,,,252g,12,저난이도 (16개 미만),600.0
ITM-0274,사브레초코크렘,MFG-002,해태제과,과자,비스킷/쿠키,,,204g,12,저난이도 (16개 미만),600.0
ITM-0275,산도딸기,MFG-004,크라운제과,과자,비스킷/쿠키,,,161g,12,저난이도 (16개 미만),600.0
ITM-0276,산도크림,MFG-004,크라운제과,과자,비스킷/쿠키,,,161g,12,저난이도 (16개 미만),600.0
ITM-0277,산삼배양근진액,MFG-098,기타제조사,과자,스낵,,,-,50,고난이도 (32개 초과),144.0
ITM-0278,새콤달콤딸기,MFG-004,크라운제과,과자,젤리/캔디,,,29x15,6,저난이도 (16개 미만),1200.0
ITM-0279,새콤달콤포도,MFG-004,크라운제과,과자,젤리/캔디,,,29x15,6,저난이도 (16개 미만),1200.0
ITM-0280,샌드에이스우유크림,MFG-002,해태제과,과자,비스킷/쿠키,,,204g,12,저난이도 (16개 미만),600.0
ITM-0281,샌드에이스찐초코,MFG-002,해태제과,과자,비스킷/쿠키,,,204g,12,저난이도 (16개 미만),600.0
ITM-0282,샌드에이스크림라떼,MFG-002,해태제과,음료,음료수,,,-,12,저난이도 (16개 미만),600.0
ITM-0283,생강쌍화,MFG-006,광동제약,음료,건강음료,,,-,10,저난이도 (16개 미만),720.0
ITM-0284,생강쌍화진,MFG-006,광동제약,음료,건강음료,,,-,10,저난이도 (16개 미만),720.0
ITM-0285,서주아이스캔디딸기,MFG-098,기타제조사,과자,아이스크림,,,-,40,고난이도 (32개 초과),180.0
ITM-0286,서주아이스캔디메론,MFG-098,기타제조사,과자,아이스크림,,,-,40,고난이도 (32개 초과),180.0
ITM-0287,서주아이스캔디바닐라,MFG-098,기타제조사,과자,아이스크림,,,-,40,고난이도 (32개 초과),180.0
ITM-0288,서주아이스쿨복숭아,MFG-098,기타제조사,과자,아이스크림,,,-,15,저난이도 (16개 미만),480.0
ITM-0289,서주연유팥빙수,MFG-098,기타제조사,과자,아이스크림,,,-,12,저난이도 (16개 미만),600.0
ITM-0290,서주우유콘,MFG-098,기타제조사,과자,아이스크림,,,-,24,중난이도 (16~31개),300.0
ITM-0291,설레임밀크쉐이크,MFG-001,롯데웰푸드,과자,아이스크림,,,160g,24,중난이도 (16~31개),300.0
ITM-0292,설레임쿠키앤크림,MFG-001,롯데웰푸드,과자,아이스크림,,,160g,24,중난이도 (16~31개),300.0
ITM-0293,셀렉션,MFG-001,롯데웰푸드,과자,아이스크림,,,500g,8,저난이도 (16개 미만),900.0
ITM-0294,소다활제로매실페트,MFG-098,기타제조사,과자,스낵,,,-,24,중난이도 (16~31개),300.0
ITM-0295,소면,MFG-098,기타제조사,과자,스낵,,,-,8,저난이도 (16개 미만),900.0
ITM-0296,소보로,MFG-002,해태제과,과자,비스킷/쿠키,,,60g,10,저난이도 (16개 미만),720.0
ITM-0297,솔의눈,MFG-098,기타제조사,과자,스낵,,,-,30,중난이도 (16~31개),240.0
ITM-0298,솔틴크래커,MFG-002,해태제과,과자,비스킷/쿠키,,,141g,18,중난이도 (16~31개),400.0
ITM-0299,수박바,MFG-001,롯데웰푸드,과자,아이스크림,,,80g,40,고난이도 (32개 초과),180.0
ITM-0300,수박바젤리,MFG-001,롯데웰푸드,과자,젤리/캔디,,,56g,32,고난이도 (32개 초과),225.0
ITM-0301,수박아이스,MFG-001,롯데웰푸드,과자,아이스크림,,,160g,20,중난이도 (16~31개),360.0
ITM-0302,수출오감자,MFG-003,오리온,과자,스낵,,,50g,24,중난이도 (16~31개),300.0
ITM-0303,수출오감자칠리,MFG-003,오리온,과자,스낵,,,115g,12,저난이도 (16개 미만),600.0
ITM-0304,수출오땅,MFG-003,오리온,과자,스낵,,,98g,16,중난이도 (16~31개),450.0
ITM-0305,수출왕고래볶음,MFG-003,오리온,과자,스낵,,,56g,24,중난이도 (16~31개),300.0
ITM-0306,수출왕고래뽁음,MFG-098,기타제조사,과자,스낵,,,-,24,중난이도 (16~31개),300.0
ITM-0307,숟가락,MFG-099,공통/물류,물류소모품,소모품,,,-,250,고난이도 (32개 초과),28.8
ITM-0308,스노위아몬드빼빼로,MFG-001,롯데웰푸드,과자,초콜릿/비스킷,,,32g,40,고난이도 (32개 초과),180.0
ITM-0309,스위트콘칩,MFG-004,크라운제과,과자,스낵,,,100g,16,중난이도 (16~31개),450.0
ITM-0310,스윙칩볶음,MFG-003,오리온,과자,스낵,,,124g,12,저난이도 (16개 미만),600.0
ITM-0311,스윙칩볶음고추장,MFG-003,오리온,과자,스낵,,,60g,20,중난이도 (16~31개),360.0
ITM-0312,스카치세가지,MFG-001,롯데웰푸드,과자,젤리/캔디,,,157g,20,중난이도 (16~31개),360.0
ITM-0313,스카치커피,MFG-098,기타제조사,음료,음료수,,,-,20,중난이도 (16~31개),360.0
ITM-0314,스크류바,MFG-001,롯데웰푸드,과자,아이스크림,,,80g,40,고난이도 (32개 초과),180.0
ITM-0315,스크류바영칼로리유자민트티,MFG-001,롯데웰푸드,과자,아이스크림,,,-,40,고난이도 (32개 초과),180.0
ITM-0316,스크류아이스,MFG-001,롯데웰푸드,과자,아이스크림,,,160g,20,중난이도 (16~31개),360.0
ITM-0317,시원한황태해장국,MFG-098,기타제조사,과자,스낵,,,-,12,저난이도 (16개 미만),600.0
ITM-0318,신당동떡볶이,MFG-002,해태제과,과자,스낵,,,110g,24,중난이도 (16~31개),300.0
ITM-0319,신당동신떡볶이,MFG-002,해태제과,과자,스낵,,,-,12,저난이도 (16개 미만),600.0
ITM-0320,신짱,MFG-098,삼양식품,과자,스낵,,,120g,16,중난이도 (16~31개),450.0
ITM-0321,신쫄이딸기맛,MFG-002,해태제과,과자,젤리/캔디,,,24g,120,고난이도 (32개 초과),60.0
ITM-0322,신쫄이레몬콜라맛,MFG-002,해태제과,과자,젤리/캔디,,,24g,120,고난이도 (32개 초과),60.0
ITM-0323,신쫄이미니레몬콜라맛,MFG-002,해태제과,과자,젤리/캔디,,,52g,32,고난이도 (32개 초과),225.0
ITM-0324,신쫄이사과맛,MFG-002,해태제과,과자,젤리/캔디,,,24g,120,고난이도 (32개 초과),60.0
ITM-0325,신쫄이샤인머스캣,MFG-002,해태제과,과자,젤리/캔디,,,24g,120,고난이도 (32개 초과),60.0
ITM-0326,실론티,MFG-008,롯데칠성음료,음료,차음료,,,240ml,30,중난이도 (16~31개),240.0
ITM-0327,쌀강정,MFG-004,크라운제과,과자,스낵,,,80g,20,중난이도 (16~31개),360.0
ITM-0328,쌀대롱,MFG-098,삼양식품,과자,스낵,,,220g,16,중난이도 (16~31개),450.0
ITM-0329,쌀로별,MFG-001,롯데웰푸드,과자,스낵,,,78g,12,저난이도 (16개 미만),600.0
ITM-0330,쌍감탕,MFG-098,기타제조사,과자,스낵,,,-,10,저난이도 (16개 미만),720.0
ITM-0331,쌍화골드,MFG-006,광동제약,음료,건강음료,,,-,100,고난이도 (32개 초과),72.0
ITM-0332,쌍화탕,MFG-006,광동제약,음료,건강음료,,,-,10,저난이도 (16개 미만),720.0
ITM-0333,쌕쌕오렌지,MFG-098,기타제조사,과자,스낵,,,-,72,고난이도 (32개 초과),100.0
ITM-0334,써니텐파인애플,MFG-012,해태htb,음료,탄산음료,,,1.5L,12,저난이도 (16개 미만),600.0
ITM-0335,써니텐포도,MFG-012,해태htb,음료,탄산음료,,,1.5L,12,저난이도 (16개 미만),600.0
ITM-0336,썬핫스파이시,MFG-003,오리온,과자,스낵,,,135g,12,저난이도 (16개 미만),600.0
ITM-0337,씨리얼초코컵,MFG-098,확인필요,과자,초콜릿/비스킷,,,89g,15,저난이도 (16개 미만),480.0
ITM-0338,아맛나바,MFG-098,기타제조사,과자,아이스크림,,,-,40,고난이도 (32개 초과),180.0
ITM-0339,아몬드빼빼로,MFG-001,롯데웰푸드,과자,초콜릿/비스킷,,,32g,40,고난이도 (32개 초과),180.0
ITM-0340,아몬드빼빼로벌크,MFG-001,롯데웰푸드,과자,초콜릿/비스킷,,,128g,9,저난이도 (16개 미만),800.0
ITM-0341,아몬드빼빼로빅팩,MFG-001,롯데웰푸드,과자,스낵,,,-,6,저난이도 (16개 미만),1200.0
ITM-0342,아몬드크래커,MFG-004,크라운제과,과자,비스킷/쿠키,,,133g,18,중난이도 (16~31개),400.0
ITM-0343,아이비,MFG-002,해태제과,과자,비스킷/쿠키,,,155g,20,중난이도 (16~31개),360.0
ITM-0344,아이비아몬드크래커,MFG-002,해태제과,과자,스낵,,,-,10,저난이도 (16개 미만),720.0
ITM-0345,아이스톡복숭아아이스티,MFG-009,자뎅,음료,차음료,,,230ml,50,고난이도 (32개 초과),144.0
ITM-0346,아이스톡블루레몬에이드,MFG-009,자뎅,음료,과채/혼합음료,,,230ml,50,고난이도 (32개 초과),144.0
ITM-0347,아이스톡블루베리에이드,MFG-009,자뎅,음료,과채/혼합음료,,,230ml,50,고난이도 (32개 초과),144.0
ITM-0348,아이스톡석류에이드,MFG-009,자뎅,음료,과채/혼합음료,,,230ml,50,고난이도 (32개 초과),144.0
ITM-0349,아이스톡수박에이드,MFG-009,자뎅,음료,과채/혼합음료,,,230ml,50,고난이도 (32개 초과),144.0
ITM-0350,아이스톡아메리카노블랙,MFG-009,자뎅,음료,커피음료,,,230ml,50,고난이도 (32개 초과),144.0
ITM-0351,아이스톡아메리카노스위트,MFG-009,자뎅,음료,커피음료,,,230ml,50,고난이도 (32개 초과),144.0
ITM-0352,아이스톡제로레몬에이드,MFG-009,자뎅,음료,과채/혼합음료,,,230ml,50,고난이도 (32개 초과),144.0
ITM-0353,아이스톡제로복숭아아이스티,MFG-009,자뎅,음료,차음료,,,230ml,50,고난이도 (32개 초과),144.0
ITM-0354,아이스톡청포도에이드,MFG-009,자뎅,음료,과채/혼합음료,,,230ml,50,고난이도 (32개 초과),144.0
ITM-0355,아이스톡키위에이드,MFG-009,자뎅,음료,과채/혼합음료,,,230ml,50,고난이도 (32개 초과),144.0
ITM-0356,아이스톡패션망고에이드,MFG-009,자뎅,음료,과채/혼합음료,,,230ml,50,고난이도 (32개 초과),144.0
ITM-0357,아이쮸딸기,MFG-004,크라운제과,과자,젤리/캔디,,,44x15,8,저난이도 (16개 미만),900.0
ITM-0358,아이쮸사과,MFG-004,크라운제과,과자,젤리/캔디,,,44x15,8,저난이도 (16개 미만),900.0
ITM-0359,아이쮸포도,MFG-004,크라운제과,과자,젤리/캔디,,,44x15,8,저난이도 (16개 미만),900.0
ITM-0360,알사탕,MFG-002,해태제과,과자,젤리/캔디,,,126g,16,중난이도 (16~31개),450.0
ITM-0361,애니타임레몬,MFG-001,롯데웰푸드,과자,젤리/캔디,,,60g,20,중난이도 (16~31개),360.0
ITM-0362,애니타임밀크,MFG-001,롯데웰푸드,과자,젤리/캔디,,,60g,20,중난이도 (16~31개),360.0
ITM-0363,애니타임블루마린,MFG-001,롯데웰푸드,과자,젤리/캔디,,,60g,20,중난이도 (16~31개),360.0
ITM-0364,애니타임자두복숭아,MFG-001,롯데웰푸드,과자,젤리/캔디,,,60g,20,중난이도 (16~31개),360.0
ITM-0365,애플샌드,MFG-004,크라운제과,과자,비스킷/쿠키,,,272g,12,저난이도 (16개 미만),600.0
ITM-0366,야채크래커,MFG-001,롯데웰푸드,과자,비스킷/쿠키,,,83g,30,중난이도 (16~31개),240.0
ITM-0367,야채크래커벌크,MFG-001,롯데웰푸드,과자,비스킷/쿠키,,,249g,12,저난이도 (16개 미만),600.0
ITM-0368,양파깡,MFG-005,농심,과자,스낵,,,83g,20,중난이도 (16~31개),360.0
ITM-0369,얼려먹는초코만들기,MFG-003,오리온,과자,초콜릿/DIY,,,38g,24,중난이도 (16~31개),300.0
ITM-0370,얼음컵,MFG-098,기타제조사,과자,스낵,,,-,12,저난이도 (16개 미만),600.0
ITM-0371,얼큰한알탕,MFG-098,기타제조사,과자,스낵,,,-,12,저난이도 (16개 미만),600.0
ITM-0372,엄마손파이,MFG-001,롯데웰푸드,과자,비스킷/쿠키,,,127g,16,중난이도 (16~31개),450.0
ITM-0373,엄마손파이(대),MFG-098,기타제조사,과자,스낵,,,-,10,저난이도 (16개 미만),720.0
ITM-0374,에이스,MFG-002,해태제과,과자,비스킷/쿠키,,,121g,30,중난이도 (16~31개),240.0
ITM-0375,에이스(시판),MFG-002,해태제과,과자,스낵,,,-,10,저난이도 (16개 미만),720.0
ITM-0376,에이스바스크치즈,MFG-002,해태제과,과자,비스킷/쿠키,,,364g,10,저난이도 (16개 미만),720.0
ITM-0377,에이스씬솔티카라멜,MFG-002,해태제과,음료,음료수,,,-,12,저난이도 (16개 미만),600.0
ITM-0378,에이스씬에스프레소,MFG-002,해태제과,과자,비스킷/쿠키,,,291g,12,저난이도 (16개 미만),600.0
ITM-0379,연양갱,MFG-002,해태제과,과자,젤리/양갱,,,55g,80,고난이도 (32개 초과),90.0
ITM-0380,연양갱10팩,MFG-002,해태제과,과자,젤리/양갱,,,500g,10,저난이도 (16개 미만),720.0
ITM-0381,예감오리지날,MFG-003,오리온,과자,스낵/비스킷,,,64g,20,중난이도 (16~31개),360.0
ITM-0382,예감오리지널,MFG-003,오리온,과자,스낵,,,-,20,중난이도 (16~31개),360.0
ITM-0383,예감치즈,MFG-003,오리온,과자,스낵/비스킷,,,64g,20,중난이도 (16~31개),360.0
ITM-0384,예쓰피스타치오&초코,MFG-002,해태제과,과자,비스킷/케이크,,,280g,12,저난이도 (16개 미만),600.0
ITM-0385,오감자,MFG-003,오리온,과자,스낵,,,-,24,중난이도 (16~31개),300.0
ITM-0386,오감자딥양념바베큐,MFG-003,오리온,과자,아이스크림,,,-,12,저난이도 (16개 미만),600.0
ITM-0387,오곡쿠키,MFG-004,크라운제과,과자,비스킷/쿠키,,,288g,12,저난이도 (16개 미만),600.0
ITM-0388,오뜨쇼콜라,MFG-003,오리온,과자,비스킷/케이크,,,150g,12,저난이도 (16개 미만),600.0
ITM-0389,오뜨치즈,MFG-098,기타제조사,과자,스낵,,,-,12,저난이도 (16개 미만),600.0
ITM-0390,오라떼애플,MFG-007,동아오츠카,음료,혼합음료,,,240ml,30,중난이도 (16~31개),240.0
ITM-0391,오라떼피치,MFG-007,동아오츠카,음료,혼합음료,,,240ml,30,중난이도 (16~31개),240.0
ITM-0392,오란씨오렌지,MFG-007,동아오츠카,음료,탄산음료,,,1.5L,12,저난이도 (16개 미만),600.0
ITM-0393,오란씨파인애플,MFG-007,동아오츠카,음료,탄산음료,,,1.5L,5,저난이도 (16개 미만),1440.0
ITM-0394,오로나민C,MFG-007,동아오츠카,음료,탄산/건강음료,,,120x10,5,저난이도 (16개 미만),1440.0
ITM-0395,오리온샌드나,MFG-003,오리온,과자,비스킷/쿠키,,,77g,24,중난이도 (16~31개),300.0
ITM-0396,오리지날크래커,MFG-002,해태제과,과자,비스킷/쿠키,,,172g,18,중난이도 (16~31개),400.0
ITM-0397,오리지널꽈배기,MFG-005,농심,과자,스낵,,,285g,12,저난이도 (16개 미만),600.0
ITM-0398,오사쯔,MFG-002,해태제과,과자,스낵,,,100g,10,저난이도 (16개 미만),720.0
ITM-0399,오예스,MFG-002,해태제과,과자,비스킷/케이크,,,360g,10,저난이도 (16개 미만),720.0
ITM-0400,오예스미니,MFG-002,해태제과,과자,비스킷/케이크,,,192g,12,저난이도 (16개 미만),600.0
ITM-0401,오예스미니크림소다맛,MFG-002,해태제과,과자,스낵,,,-,12,저난이도 (16개 미만),600.0
ITM-0402,오예스베이크하우스얼&쇼,MFG-002,해태제과,과자,스낵,,,-,12,저난이도 (16개 미만),600.0
ITM-0403,오예스베이크하우스얼그레이&쇼콜라,MFG-002,해태제과,과자,스낵,,,-,12,저난이도 (16개 미만),600.0
ITM-0404,오예스베이크하우스얼그레이쇼콜라,MFG-002,해태제과,과자,스낵,,,-,12,저난이도 (16개 미만),600.0
ITM-0405,오예스우베라떼,MFG-002,해태제과,음료,음료수,,,-,10,저난이도 (16개 미만),720.0
ITM-0406,오예스쿠키앤크림,MFG-002,해태제과,과자,비스킷/케이크,,,360g,10,저난이도 (16개 미만),720.0
ITM-0407,오징어젓,MFG-098,기타제조사,과자,스낵,,,-,1,저난이도 (16개 미만),7200.0
ITM-0408,옥동자,MFG-098,기타제조사,과자,스낵,,,-,40,고난이도 (32개 초과),180.0
ITM-0409,옥동자밀크,MFG-001,롯데웰푸드,과자,아이스크림,,,70g,40,고난이도 (32개 초과),180.0
ITM-0410,옥수수수염차,MFG-006,광동제약,음료,음료수,,,-,20,중난이도 (16~31개),360.0
ITM-0411,옥수수수염차라이트,MFG-006,광동제약,음료,음료수,,,-,20,중난이도 (16~31개),360.0
ITM-0412,와바닐라,MFG-098,기타제조사,과자,아이스크림,,,-,16,중난이도 (16~31개),450.0
ITM-0413,와우소다,MFG-003,오리온,과자,껌,,,21g,60,고난이도 (32개 초과),120.0
ITM-0414,와일드바디,MFG-001,롯데웰푸드,과자,아이스크림,,,70g,40,고난이도 (32개 초과),180.0
ITM-0415,왓따복숭아,MFG-001,롯데웰푸드,과자,껌,,,23g,144,고난이도 (32개 초과),50.0
ITM-0416,왓따콜라,MFG-001,롯데웰푸드,과자,껌,,,23g,144,고난이도 (32개 초과),50.0
ITM-0417,왕고래밥볶음,MFG-003,오리온,과자,스낵,,,-,24,중난이도 (16~31개),300.0
ITM-0418,왕꿈틀이,MFG-003,오리온,과자,젤리/캔디,,,67g,40,고난이도 (32개 초과),180.0
ITM-0419,왕포도알제로슈가,MFG-098,기타제조사,과자,스낵,,,-,35,고난이도 (32개 초과),205.7
ITM-0420,왕포도알쭈쭈바,MFG-098,기타제조사,과자,아이스크림,,,-,35,고난이도 (32개 초과),205.7
ITM-0421,요구르트아이스멀티,MFG-098,기타제조사,과자,아이스크림,,,-,24,중난이도 (16~31개),300.0
ITM-0422,요구르트젤리,MFG-001,롯데웰푸드,과자,젤리/캔디,,,50g,40,고난이도 (32개 초과),180.0
ITM-0423,우엉차,MFG-098,기타제조사,음료,음료수,,,-,24,중난이도 (16~31개),300.0
ITM-0424,월드콘바닐라,MFG-001,롯데웰푸드,과자,아이스크림,,,160g,24,중난이도 (16~31개),300.0
ITM-0425,월드콘초코,MFG-001,롯데웰푸드,과자,아이스크림,,,160g,24,중난이도 (16~31개),300.0
ITM-0426,월드콘쿠키앤크림,MFG-001,롯데웰푸드,과자,아이스크림,,,160g,24,중난이도 (16~31개),300.0
ITM-0427,웰치스딸기맛,MFG-098,농심(수입),음료,탄산음료,,,355ml,24,중난이도 (16~31개),300.0
ITM-0428,웰치스적포도,MFG-098,농심(수입),음료,탄산음료,,,355ml,24,중난이도 (16~31개),300.0
ITM-0429,웰치스청포도,MFG-098,농심(수입),음료,탄산음료,,,355ml,24,중난이도 (16~31개),300.0
ITM-0430,웰치스청포도맛,MFG-098,기타제조사,과자,스낵,,,-,24,중난이도 (16~31개),300.0
ITM-0431,위생천,MFG-098,기타제조사,과자,스낵,,,-,10,저난이도 (16개 미만),720.0
ITM-0432,위즐바닐라모나카,MFG-098,기타제조사,과자,아이스크림,,,-,24,중난이도 (16~31개),300.0
ITM-0433,위즐쿠앤크샌드,MFG-098,기타제조사,과자,스낵,,,-,24,중난이도 (16~31개),300.0
ITM-0434,일품팥빙수,MFG-001,롯데웰푸드,과자,아이스크림,,,240g,12,저난이도 (16개 미만),600.0
ITM-0435,잇츠와플바닐라,MFG-001,롯데웰푸드,과자,아이스크림,,,140g,24,중난이도 (16~31개),300.0
ITM-0436,자가비짭짤한맛,MFG-002,해태제과,과자,스낵,,,90g,12,저난이도 (16개 미만),600.0
ITM-0437,자가비케첩맛,MFG-098,기타제조사,과자,스낵,,,-,12,저난이도 (16개 미만),600.0
ITM-0438,자두,MFG-002,해태제과,과자,젤리/캔디,,,130g,16,중난이도 (16~31개),450.0
ITM-0439,자두젤리,MFG-002,해태제과,과자,젤리/캔디,,,64g,32,고난이도 (32개 초과),225.0
ITM-0440,자두캔디,MFG-002,해태제과,과자,젤리/캔디,,,130g,16,중난이도 (16~31개),450.0
ITM-0441,자유시간,MFG-002,해태제과,과자,초콜릿,,,36g,144,고난이도 (32개 초과),50.0
ITM-0442,자유시간들,MFG-098,기타제조사,과자,스낵,,,-,80,고난이도 (32개 초과),90.0
ITM-0443,자유시간로얄밀크티맛,MFG-098,기타제조사,음료,음료수,,,-,144,고난이도 (32개 초과),50.0
ITM-0444,자유시간미니로얄밀크티맛,MFG-098,기타제조사,음료,음료수,,,-,9,저난이도 (16개 미만),800.0
ITM-0445,자유시간미니로열밀크티맛,MFG-098,기타제조사,음료,음료수,,,-,9,저난이도 (16개 미만),800.0
ITM-0446,자유시간미니피스타치오&카다,MFG-002,해태제과,과자,초콜릿,,,300g,12,저난이도 (16개 미만),600.0
ITM-0447,자유시간아몬드,MFG-002,해태제과,과자,초콜릿,,,36g,144,고난이도 (32개 초과),50.0
ITM-0448,자유시간아몬드벌크,MFG-002,해태제과,과자,초콜릿,,,36g,12,저난이도 (16개 미만),600.0
ITM-0449,자유시간쿠키앤크림,MFG-002,해태제과,과자,초콜릿,,,30g,144,고난이도 (32개 초과),50.0
ITM-0450,자일리톨아이스민트,MFG-001,롯데웰푸드,과자,껌,,,100g,24,중난이도 (16~31개),300.0
ITM-0451,자일리톨알파알로에베라,MFG-001,롯데웰푸드,과자,껌,,,86g,24,중난이도 (16~31개),300.0
ITM-0452,자일리톨알파오리지널,MFG-001,롯데웰푸드,과자,껌,,,86g,24,중난이도 (16~31개),300.0
ITM-0453,자일리톨알파후레쉬,MFG-001,롯데웰푸드,과자,껌,,,86g,24,중난이도 (16~31개),300.0
ITM-0454,자일리톨애플민트,MFG-001,롯데웰푸드,과자,껌,,,100g,24,중난이도 (16~31개),300.0
ITM-0455,젓가락,MFG-099,공통/물류,물류소모품,소모품,,,-,250,고난이도 (32개 초과),28.8
ITM-0456,제로라이스쿠키&크림바,MFG-001,롯데웰푸드,과자,아이스크림,,,80g,24,중난이도 (16~31개),300.0
ITM-0457,제로모나카,MFG-001,롯데웰푸드,과자,아이스크림,,,140g,24,중난이도 (16~31개),300.0
ITM-0458,제로미니바이츠,MFG-098,기타제조사,과자,아이스크림,,,-,6,저난이도 (16개 미만),1200.0
ITM-0459,제로미니바이트,MFG-098,기타제조사,과자,아이스크림,,,-,6,저난이도 (16개 미만),1200.0
ITM-0460,제로밀크모나카,MFG-098,기타제조사,과자,아이스크림,,,-,24,중난이도 (16~31개),300.0
ITM-0461,제로시트러스유자젤리,MFG-001,롯데웰푸드,과자,젤리/캔디,,,238g,18,중난이도 (16~31개),400.0
ITM-0462,제로아이스쿠키&크림바,MFG-098,기타제조사,과자,아이스크림,,,-,24,중난이도 (16~31개),300.0
ITM-0463,제로아이스트리플초콜릿바,MFG-098,기타제조사,과자,아이스크림,,,-,24,중난이도 (16~31개),300.0
ITM-0464,제로초콜릿칩쿠키,MFG-001,롯데웰푸드,과자,비스킷/쿠키,,,168g,12,저난이도 (16개 미만),600.0
ITM-0465,제로쿠앤크샌드,MFG-001,롯데웰푸드,과자,아이스크림,,,288g,12,저난이도 (16개 미만),600.0
ITM-0466,제로후르츠젤리,MFG-001,롯데웰푸드,과자,젤리/캔디,,,238g,18,중난이도 (16~31개),400.0
ITM-0467,제주감귤,MFG-008,롯데칠성음료,음료,과채음료,,,1.5L,12,저난이도 (16개 미만),600.0
ITM-0468,제주담은녹차빙수,MFG-098,기타제조사,과자,아이스크림,,,-,12,저난이도 (16개 미만),600.0
ITM-0469,조이그레인크럼블바,MFG-098,기타제조사,과자,아이스크림,,,-,40,고난이도 (32개 초과),180.0
ITM-0470,조이그릭요거트블루베리,MFG-001,롯데웰푸드,과자,아이스크림,,,85g,40,고난이도 (32개 초과),180.0
ITM-0471,조이그릭요거트스트로베리,MFG-001,롯데웰푸드,과자,아이스크림,,,85g,40,고난이도 (32개 초과),180.0
ITM-0472,조이망고바,MFG-001,롯데웰푸드,과자,아이스크림,,,80g,40,고난이도 (32개 초과),180.0
ITM-0473,조이헤이즐넛카카오,MFG-098,기타제조사,과자,스낵,,,-,40,고난이도 (32개 초과),180.0
ITM-0474,조청유과,MFG-005,농심,과자,스낵,,,320g,10,저난이도 (16개 미만),720.0
ITM-0475,졸음번쩍껌,MFG-001,롯데웰푸드,과자,껌,,,87g,24,중난이도 (16~31개),300.0
ITM-0476,죠리퐁,MFG-004,크라운제과,과자,스낵,,,74g,16,중난이도 (16~31개),450.0
ITM-0477,죠스바,MFG-001,롯데웰푸드,과자,아이스크림,,,80g,40,고난이도 (32개 초과),180.0
ITM-0478,죠스바영칼로리자몽허니블랙티,MFG-001,롯데웰푸드,과자,아이스크림,,,-,40,고난이도 (32개 초과),180.0
ITM-0479,죠스바젤리,MFG-001,롯데웰푸드,과자,젤리/캔디,,,70g,32,고난이도 (32개 초과),225.0
ITM-0480,죠스아이스,MFG-098,기타제조사,과자,아이스크림,,,-,20,중난이도 (16~31개),360.0
ITM-0481,주물러콜라,MFG-001,롯데웰푸드,과자,아이스크림,,,130g,35,고난이도 (32개 초과),205.7
ITM-0482,진한추어탕,MFG-098,기타제조사,과자,스낵,,,-,10,저난이도 (16개 미만),720.0
ITM-0483,진한헛개차,MFG-006,광동제약,음료,음료수,,,-,20,중난이도 (16~31개),360.0
ITM-0484,진홍삼골드,MFG-098,기타제조사,과자,스낵,,,-,100,고난이도 (32개 초과),72.0
ITM-0485,쫄병스낵매콤한맛,MFG-005,농심,과자,스낵,,,82g,30,중난이도 (16~31개),240.0
ITM-0486,쫄병스낵바베큐맛,MFG-005,농심,과자,스낵,,,82g,30,중난이도 (16~31개),240.0
ITM-0487,쫄병스낵안성탕면맛,MFG-005,농심,과자,스낵,,,77g,30,중난이도 (16~31개),240.0
ITM-0488,쫄병스낵짜파게티맛,MFG-005,농심,과자,스낵,,,77g,30,중난이도 (16~31개),240.0
ITM-0489,찰떡아이스,MFG-001,롯데웰푸드,과자,아이스크림,,,-,24,중난이도 (16~31개),300.0
ITM-0490,찰떡아이스당통팥,MFG-001,롯데웰푸드,과자,아이스크림,,,90g,24,중난이도 (16~31개),300.0
ITM-0491,찰떡아이스딸기,MFG-001,롯데웰푸드,과자,아이스크림,,,80g,24,중난이도 (16~31개),300.0
ITM-0492,찰떡아이스바닐라,MFG-001,롯데웰푸드,과자,아이스크림,,,80g,24,중난이도 (16~31개),300.0
ITM-0493,찰떡아이스소금우유카라멜,MFG-001,롯데웰푸드,과자,아이스크림,,,-,24,중난이도 (16~31개),300.0
ITM-0494,찰떡아이스옥수수크림치즈,MFG-001,롯데웰푸드,과자,아이스크림,,,-,24,중난이도 (16~31개),300.0
ITM-0495,찰떡아이스쿠앤크,MFG-001,롯데웰푸드,과자,아이스크림,,,90g,24,중난이도 (16~31개),300.0
ITM-0496,찰떡아이스쿠키앤크림,MFG-001,롯데웰푸드,과자,아이스크림,,,90g,24,중난이도 (16~31개),300.0
ITM-0497,찰떡아이스하트딸기,MFG-001,롯데웰푸드,과자,아이스크림,,,80g,24,중난이도 (16~31개),300.0
ITM-0498,찰떡파이시트러스,MFG-001,롯데웰푸드,과자,비스킷/케이크,,,180g,12,저난이도 (16개 미만),600.0
ITM-0499,찰떡파이인절미,MFG-001,롯데웰푸드,과자,비스킷/케이크,,,180g,12,저난이도 (16개 미만),600.0
ITM-0500,찰떡파이초코,MFG-001,롯데웰푸드,과자,비스킷/케이크,,,210g,12,저난이도 (16개 미만),600.0
ITM-0501,찰옥수수,MFG-001,롯데웰푸드,과자,아이스크림,,,140g,24,중난이도 (16~31개),300.0
ITM-0502,찰옥수수카라멜팝콘맛,MFG-098,기타제조사,과자,아이스크림,,,-,24,중난이도 (16~31개),300.0
ITM-0503,참붕어빵,MFG-003,오리온,과자,비스킷/케이크,,,232g,8,저난이도 (16개 미만),900.0
ITM-0504,참쌀누룽지,MFG-004,크라운제과,과자,스낵/쌀과자,,,216g,10,저난이도 (16개 미만),720.0
ITM-0505,참쌀선과,MFG-004,크라운제과,과자,스낵/쌀과자,,,115g,20,중난이도 (16~31개),360.0
ITM-0506,참쌀설병,MFG-004,크라운제과,과자,스낵/쌀과자,,,128g,20,중난이도 (16~31개),360.0
ITM-0507,참크래커,MFG-004,크라운제과,과자,비스킷/쿠키,,,280g,10,저난이도 (16개 미만),720.0
ITM-0508,청포도캔디,MFG-001,롯데웰푸드,과자,젤리/캔디,,,153g,20,중난이도 (16~31개),360.0
ITM-0509,초가을우엉차,MFG-006,광동제약,음료,차음료,,,500ml,24,중난이도 (16~31개),300.0
ITM-0510,초코가나슈,MFG-001,롯데웰푸드,과자,스낵,,,-,18,중난이도 (16~31개),400.0
ITM-0511,초코바나나멜로바,MFG-098,기타제조사,과자,아이스크림,,,-,40,고난이도 (32개 초과),180.0
ITM-0512,초코빼빼로,MFG-001,롯데웰푸드,과자,초콜릿/비스킷,,,47g,40,고난이도 (32개 초과),180.0
ITM-0513,초코빼빼로벌크,MFG-001,롯데웰푸드,과자,초콜릿/비스킷,,,180g,9,저난이도 (16개 미만),800.0
ITM-0514,초코사브레,MFG-002,해태제과,과자,비스킷/쿠키,,,236g,10,저난이도 (16개 미만),720.0
ITM-0515,초코송이,MFG-003,오리온,과자,초콜릿/비스킷,,,50g,28,중난이도 (16~31개),257.1
ITM-0516,초코칩미니,MFG-098,기타제조사,과자,스낵,,,-,16,중난이도 (16~31개),450.0
ITM-0517,초코칩쿠키,MFG-098,기타제조사,과자,스낵,,,-,14,저난이도 (16개 미만),514.3
ITM-0518,초코쿠키빼빼로,MFG-001,롯데웰푸드,과자,초콜릿/비스킷,,,32g,40,고난이도 (32개 초과),180.0
ITM-0519,초코쿠키빼빼로벌크,MFG-001,롯데웰푸드,과자,초콜릿/비스킷,,,128g,9,저난이도 (16개 미만),800.0
ITM-0520,초코파이,MFG-003,오리온,과자,비스킷/케이크,,,336g,8,저난이도 (16개 미만),900.0
ITM-0521,초코파이녹차,MFG-003,오리온,과자,비스킷/케이크,,,336g,8,저난이도 (16개 미만),900.0
ITM-0522,초코파이바나나,MFG-003,오리온,과자,비스킷/케이크,,,336g,8,저난이도 (16개 미만),900.0
ITM-0523,초코파이카카오,MFG-003,오리온,과자,비스킷/케이크,,,336g,8,저난이도 (16개 미만),900.0
ITM-0524,초코파이흑당,MFG-003,오리온,과자,스낵,,,-,8,저난이도 (16개 미만),900.0
ITM-0525,초코파이흑당밀크,MFG-003,오리온,과자,비스킷/케이크,,,336g,8,저난이도 (16개 미만),900.0
ITM-0526,초코퍼지,MFG-001,롯데웰푸드,과자,아이스크림,,,70g,40,고난이도 (32개 초과),180.0
ITM-0527,초코픽,MFG-098,동서식품,과자,비스킷/초콜릿,,,45g,24,중난이도 (16~31개),300.0
ITM-0528,초코필드빼빼로,MFG-001,롯데웰푸드,과자,초콜릿/비스킷,,,45g,40,고난이도 (32개 초과),180.0
ITM-0529,초코하임,MFG-004,크라운제과,과자,비스킷/쿠키,,,47g,21,중난이도 (16~31개),342.9
ITM-0530,촉촉한초코칩,MFG-003,오리온,과자,비스킷/쿠키,,,-,20,중난이도 (16~31개),360.0
ITM-0531,촉칩,MFG-003,오리온,과자,비스킷/쿠키,,,160g,20,중난이도 (16~31개),360.0
ITM-0532,추억의라멘땅,MFG-098,전인식품,과자,스낵,,,100g,20,중난이도 (16~31개),360.0
ITM-0533,츄러스,MFG-004,크라운제과,과자,스낵,,,84g,16,중난이도 (16~31개),450.0
ITM-0534,치어팩,MFG-098,기타제조사,과자,스낵,,,-,30,중난이도 (16~31개),240.0
ITM-0535,치킨팝닭강정,MFG-003,오리온,과자,스낵,,,81g,16,중난이도 (16~31개),450.0
ITM-0536,치토스매콤달콤,MFG-001,롯데웰푸드,과자,스낵,,,164g,12,저난이도 (16개 미만),600.0
ITM-0537,치토스매콤달콤(대),MFG-098,기타제조사,과자,젤리/캔디,,,-,12,저난이도 (16개 미만),600.0
ITM-0538,치토스매콤달콤(소),MFG-098,기타제조사,과자,젤리/캔디,,,-,12,저난이도 (16개 미만),600.0
ITM-0539,치토스바베큐,MFG-001,롯데웰푸드,과자,스낵,,,164g,12,저난이도 (16개 미만),600.0
ITM-0540,치토스바베큐(대),MFG-098,기타제조사,과자,아이스크림,,,-,12,저난이도 (16개 미만),600.0
ITM-0541,치토스바베큐(소),MFG-098,기타제조사,과자,아이스크림,,,-,12,저난이도 (16개 미만),600.0
ITM-0542,칙촉,MFG-001,롯데웰푸드,과자,비스킷/쿠키,,,120g,15,저난이도 (16개 미만),480.0
ITM-0543,칙촉벌크,MFG-001,롯데웰푸드,과자,스낵,,,-,12,저난이도 (16개 미만),600.0
ITM-0544,칠곡쿠키,MFG-098,기타제조사,과자,스낵,,,-,10,저난이도 (16개 미만),720.0
ITM-0545,칠성사이다,MFG-008,롯데칠성음료,음료,탄산음료,,,1.5L,12,저난이도 (16개 미만),600.0
ITM-0546,칠성사이다(호주용),MFG-008,롯데칠성음료,음료,음료수,,,-,30,중난이도 (16~31개),240.0
ITM-0547,칡냉면,MFG-098,기타제조사,과자,스낵,,,-,6,저난이도 (16개 미만),1200.0
ITM-0548,카라멜땅콩,MFG-004,크라운제과,과자,스낵,,,150g,12,저난이도 (16개 미만),600.0
ITM-0549,카라멜콘메이플,MFG-004,크라운제과,과자,스낵,,,74g,16,중난이도 (16~31개),450.0
ITM-0550,카스타드,MFG-001,롯데웰푸드,과자,비스킷/케이크,,,276g,12,저난이도 (16개 미만),600.0
ITM-0551,카카오몽쉘,MFG-001,롯데웰푸드,과자,스낵,,,-,8,저난이도 (16개 미만),900.0
ITM-0552,칸쵸,MFG-001,롯데웰푸드,과자,비스킷/쿠키,,,42g,32,고난이도 (32개 초과),225.0
ITM-0553,칸쵸벌크,MFG-001,롯데웰푸드,과자,비스킷/쿠키,,,196g,12,저난이도 (16개 미만),600.0
ITM-0554,칸쵸컵,MFG-001,롯데웰푸드,과자,비스킷/쿠키,,,95g,15,저난이도 (16개 미만),480.0
ITM-0555,칸츄리콘,MFG-002,해태제과,과자,스낵,,,150g,10,저난이도 (16개 미만),720.0
ITM-0556,칸타빌레더블망고에이드,MFG-010,우일씨앤텍,음료,음료수,,,-,50,고난이도 (32개 초과),144.0
ITM-0557,칸타빌레딸기에이드,MFG-010,우일씨앤텍,음료,음료수,,,-,50,고난이도 (32개 초과),144.0
ITM-0558,칸타빌레바닐라맛아메리카노,MFG-010,우일씨앤텍,과자,아이스크림,,,-,50,고난이도 (32개 초과),144.0
ITM-0559,칸타빌레복숭아아이스티,MFG-010,우일씨앤텍,과자,아이스크림,,,-,50,고난이도 (32개 초과),144.0
ITM-0560,칸타빌레블랙아메리카노,MFG-010,우일씨앤텍,음료,음료수,,,-,50,고난이도 (32개 초과),144.0
ITM-0561,칸타빌레블루베리에이드,MFG-010,우일씨앤텍,음료,음료수,,,-,50,고난이도 (32개 초과),144.0
ITM-0562,칸타빌레사과에이드,MFG-010,우일씨앤텍,음료,음료수,,,-,50,고난이도 (32개 초과),144.0
ITM-0563,칸타빌레스더블망고에이드,MFG-010,우일씨앤텍,음료,음료수,,,-,50,고난이도 (32개 초과),144.0
ITM-0564,칸타빌레스딸기에이드,MFG-010,우일씨앤텍,음료,과채/혼합음료,,,230ml,50,고난이도 (32개 초과),144.0
ITM-0565,칸타빌레스바닐라향아메리카노,MFG-010,우일씨앤텍,음료,커피음료,,,230ml,50,고난이도 (32개 초과),144.0
ITM-0566,칸타빌레스복숭아에이드,MFG-010,우일씨앤텍,음료,과채/혼합음료,,,230ml,50,고난이도 (32개 초과),144.0
ITM-0567,칸타빌레스블랙아메리카노,MFG-010,우일씨앤텍,음료,음료수,,,-,50,고난이도 (32개 초과),144.0
ITM-0568,칸타빌레스사과에이드,MFG-010,우일씨앤텍,음료,과채/혼합음료,,,230ml,50,고난이도 (32개 초과),144.0
ITM-0569,칸타빌레스오렌지에이드,MFG-010,우일씨앤텍,음료,과채/혼합음료,,,230ml,50,고난이도 (32개 초과),144.0
ITM-0570,칸타빌레스위트아메리카노,MFG-010,우일씨앤텍,음료,커피음료,,,230ml,50,고난이도 (32개 초과),144.0
ITM-0571,칸타빌레스청포도에이드,MFG-010,우일씨앤텍,음료,과채/혼합음료,,,230ml,50,고난이도 (32개 초과),144.0
ITM-0572,칸타빌레오렌지에이드,MFG-010,우일씨앤텍,음료,음료수,,,-,50,고난이도 (32개 초과),144.0
ITM-0573,칸타빌레청포도에이드,MFG-010,우일씨앤텍,음료,음료수,,,-,50,고난이도 (32개 초과),144.0
ITM-0574,칸타빌레헤이즐넛아메리카노,MFG-010,우일씨앤텍,음료,음료수,,,-,50,고난이도 (32개 초과),144.0
ITM-0575,칸타빌레헤이즐넛향아메리카노,MFG-010,우일씨앤텍,음료,음료수,,,-,50,고난이도 (32개 초과),144.0
ITM-0576,칸타타카라멜마끼아또,MFG-008,롯데칠성음료,음료,커피음료,,,230ml,50,고난이도 (32개 초과),144.0
ITM-0577,칼로리바란스,MFG-098,기타제조사,과자,아이스크림,,,-,30,중난이도 (16~31개),240.0
ITM-0578,칼로리바란스치즈,MFG-002,해태제과,과자,체중조절용/비스킷,,,76g,30,중난이도 (16~31개),240.0
ITM-0579,캐나다용딸기빼빼로,MFG-001,롯데웰푸드,과자,초콜릿/비스킷,,,32g,40,고난이도 (32개 초과),180.0
ITM-0580,캐나다용아몬드빼빼로,MFG-001,롯데웰푸드,과자,초콜릿/비스킷,,,32g,40,고난이도 (32개 초과),180.0
ITM-0581,캐나다용아몬드빼빼로벌크,MFG-001,롯데웰푸드,과자,초콜릿/비스킷,,,128g,9,저난이도 (16개 미만),800.0
ITM-0582,캐나다용초코빼빼로,MFG-001,롯데웰푸드,과자,초콜릿/비스킷,,,47g,40,고난이도 (32개 초과),180.0
ITM-0583,캐나다용초코쿠키빼빼로,MFG-001,롯데웰푸드,과자,초콜릿/비스킷,,,32g,40,고난이도 (32개 초과),180.0
ITM-0584,캐나다용초코필드빼빼로,MFG-001,롯데웰푸드,과자,초콜릿/비스킷,,,45g,40,고난이도 (32개 초과),180.0
ITM-0585,캐나다용크런키빼빼로,MFG-001,롯데웰푸드,과자,초콜릿/비스킷,,,39g,40,고난이도 (32개 초과),180.0
ITM-0586,캐나다용화이트빼빼로,MFG-001,롯데웰푸드,과자,초콜릿/비스킷,,,32g,40,고난이도 (32개 초과),180.0
ITM-0587,코코팜포도,MFG-012,해태htb,음료,과채/혼합음료,,,238x12,72,고난이도 (32개 초과),100.0
ITM-0588,콘초가나슈,MFG-001,롯데웰푸드,과자,아이스크림,,,-,18,중난이도 (16~31개),400.0
ITM-0589,콘치즈크림치즈,MFG-098,기타제조사,과자,아이스크림,,,-,18,중난이도 (16~31개),400.0
ITM-0590,콘치크림치즈,MFG-004,크라운제과,과자,스낵,,,66g,18,중난이도 (16~31개),400.0
ITM-0591,콘칩,MFG-004,크라운제과,과자,스낵,,,70g,16,중난이도 (16~31개),450.0
ITM-0592,콩비지찌개,MFG-098,기타제조사,과자,스낵,,,-,10,저난이도 (16개 미만),720.0
ITM-0593,쿠크다스커피,MFG-004,크라운제과,과자,비스킷/쿠키,,,128g,18,중난이도 (16~31개),400.0
ITM-0594,쿠크다스화이트,MFG-004,크라운제과,과자,비스킷/쿠키,,,77g,21,중난이도 (16~31개),342.9
ITM-0595,쿠크쿠크,MFG-098,기타제조사,과자,스낵,,,-,40,고난이도 (32개 초과),180.0
ITM-0596,쿠키오초코,MFG-001,롯데웰푸드,과자,아이스크림,,,130g,24,중난이도 (16~31개),300.0
ITM-0597,크런키빼빼로,MFG-001,롯데웰푸드,과자,초콜릿/비스킷,,,39g,40,고난이도 (32개 초과),180.0
ITM-0598,크런키빼빼로벌크,MFG-001,롯데웰푸드,과자,초콜릿/비스킷,,,140g,9,저난이도 (16개 미만),800.0
ITM-0599,크런키빼빼로빅팩,MFG-001,롯데웰푸드,과자,초콜릿/비스킷,,,312g,6,저난이도 (16개 미만),1200.0
ITM-0600,크림몽쉘,MFG-001,롯데웰푸드,과자,스낵,,,-,8,저난이도 (16개 미만),900.0
ITM-0601,크림미니웨하스,MFG-004,크라운제과,과자,비스킷/쿠키,,,150g,15,저난이도 (16개 미만),480.0
ITM-0602,크림웨하스,MFG-004,크라운제과,과자,비스킷/쿠키,,,50g,40,고난이도 (32개 초과),180.0
ITM-0603,클린아이스얼음컵,MFG-098,기타제조사,과자,아이스크림,,,-,12,저난이도 (16개 미만),600.0
ITM-0604,톡쏘는쌀막걸리,MFG-098,기타제조사,과자,스낵,,,-,15,저난이도 (16개 미만),480.0
ITM-0605,통단팥죽,MFG-098,기타제조사,과자,스낵,,,-,10,저난이도 (16개 미만),720.0
ITM-0606,통아몬드,MFG-003,오리온,과자,젤리/캔디,,,90g,14,저난이도 (16개 미만),514.3
ITM-0607,통크초코,MFG-003,오리온,과자,비스킷/쿠키,,,45g,20,중난이도 (16~31개),360.0
ITM-0608,트레비(라임),MFG-008,롯데칠성음료,음료,음료수,,,-,6,저난이도 (16개 미만),1200.0
ITM-0609,트레비(레몬),MFG-008,롯데칠성음료,음료,음료수,,,-,6,저난이도 (16개 미만),1200.0
ITM-0610,트레비(플레인),MFG-008,롯데칠성음료,음료,음료수,,,-,20,중난이도 (16~31개),360.0
ITM-0611,트레비라임,MFG-008,롯데칠성음료,음료,음료수,,,-,20,중난이도 (16~31개),360.0
ITM-0612,트레비플레인,MFG-008,롯데칠성음료,음료,음료수,,,-,20,중난이도 (16~31개),360.0
ITM-0613,특전복죽,MFG-098,기타제조사,과자,스낵,,,-,10,저난이도 (16개 미만),720.0
ITM-0614,티코밀크초코,MFG-001,롯데웰푸드,과자,아이스크림,,,510g,6,저난이도 (16개 미만),1200.0
ITM-0615,티코타크초코,MFG-001,롯데웰푸드,과자,아이스크림,,,510g,6,저난이도 (16개 미만),1200.0
ITM-0616,티피피넛버터볼,MFG-002,해태제과,과자,초콜릿,,,42g,30,중난이도 (16~31개),240.0
ITM-0617,평양냉면사리,MFG-098,기타제조사,과자,스낵,,,-,6,저난이도 (16개 미만),1200.0
ITM-0618,포도봉봉,MFG-012,해태htb,음료,과채음료,,,238x12,72,고난이도 (32개 초과),100.0
ITM-0619,포스틱,MFG-005,농심,과자,스낵,,,84g,20,중난이도 (16~31개),360.0
ITM-0620,포카리스웨트,MFG-007,동아오츠카,음료,이온/스포츠음료,,,1.5L,20,중난이도 (16~31개),360.0
ITM-0621,포카칩어니언,MFG-003,오리온,과자,스낵,,,66g,20,중난이도 (16~31개),360.0
ITM-0622,포카칩오리지날,MFG-003,오리온,과자,스낵,,,-,20,중난이도 (16~31개),360.0
ITM-0623,포카칩오리지널,MFG-003,오리온,과자,스낵,,,66g,20,중난이도 (16~31개),360.0
ITM-0624,피카픽,MFG-098,동서식품,과자,비스킷/초콜릿,,,45g,24,중난이도 (16~31개),300.0
ITM-0625,하비스트,MFG-001,롯데웰푸드,과자,비스킷/쿠키,,,100g,20,중난이도 (16~31개),360.0
ITM-0626,핫식스,MFG-008,롯데칠성음료,음료,에너지음료,,,250ml,30,중난이도 (16~31개),240.0
ITM-0627,핫케잌가루,MFG-098,오뚜기,식품,프리믹스,,,500g,20,중난이도 (16~31개),360.0
ITM-0628,허니버터메이플,MFG-002,해태제과,과자,스낵,,,60g,16,중난이도 (16~31개),450.0
ITM-0629,허니버터칩,MFG-002,해태제과,과자,스낵,,,60g,16,중난이도 (16~31개),450.0
ITM-0630,허니버터칩콰트로치즈,MFG-098,기타제조사,과자,스낵,,,-,16,중난이도 (16~31개),450.0
ITM-0631,허니버터콰트로치즈,MFG-098,기타제조사,과자,스낵,,,-,12,저난이도 (16개 미만),600.0
ITM-0632,허니버터콰트로치즈맛,MFG-002,해태제과,과자,스낵,,,96g,12,저난이도 (16개 미만),600.0
ITM-0633,허니버터프로마쥬블랑,MFG-002,해태제과,과자,스낵,,,60g,16,중난이도 (16~31개),450.0
ITM-0634,헛개파워,MFG-006,광동제약,음료,건강음료,,,-,50,고난이도 (32개 초과),144.0
ITM-0635,헤이즐넛카카오바,MFG-001,롯데웰푸드,과자,아이스크림,,,80g,40,고난이도 (32개 초과),180.0
ITM-0636,헤이즐리,MFG-098,기타제조사,과자,스낵,,,-,24,중난이도 (16~31개),300.0
ITM-0637,홈런볼9팩,MFG-002,해태제과,과자,스낵,,,414g,8,저난이도 (16개 미만),900.0
ITM-0638,홈런볼소금우유,MFG-002,해태제과,과자,스낵,,,49g,30,중난이도 (16~31개),240.0
ITM-0639,홈런볼소금우유4번들,MFG-002,해태제과,과자,스낵,,,-,48,고난이도 (32개 초과),150.0
ITM-0640,홈런볼옥수수4번들,MFG-002,해태제과,과자,스낵,,,-,12,저난이도 (16개 미만),600.0
ITM-0641,홈런볼옥수수소프트콘맛,MFG-002,해태제과,과자,아이스크림,,,-,30,중난이도 (16~31개),240.0
ITM-0642,홈런볼지컵,MFG-002,해태제과,과자,스낵,,,-,24,중난이도 (16~31개),300.0
ITM-0643,홈런볼초코,MFG-002,해태제과,과자,스낵,,,46g,30,중난이도 (16~31개),240.0
ITM-0644,홈런볼초코벌크,MFG-002,해태제과,과자,스낵,,,128g,12,저난이도 (16개 미만),600.0
ITM-0645,홈런볼초코지컵,MFG-002,해태제과,과자,스낵,,,51g,24,중난이도 (16~31개),300.0
ITM-0646,홈런볼파티팩,MFG-002,해태제과,음료,음료수,,,-,8,저난이도 (16개 미만),900.0
ITM-0647,홈런볼파티팩(12입),MFG-002,해태제과,과자,스낵,,,552g,8,저난이도 (16개 미만),900.0
ITM-0648,홈런볼피스타치오&카라멜,MFG-002,해태제과,과자,스낵,,,44g,30,중난이도 (16~31개),240.0
ITM-0649,홍삼꿀D,MFG-098,기타제조사,과자,스낵,,,-,100,고난이도 (32개 초과),72.0
ITM-0650,홍삼양갱,MFG-098,기타제조사,과자,스낵,,,-,20,중난이도 (16~31개),360.0
ITM-0651,화이트빼빼로,MFG-001,롯데웰푸드,과자,초콜릿/비스킷,,,32g,40,고난이도 (32개 초과),180.0
ITM-0652,화이트빼빼로벌크,MFG-001,롯데웰푸드,과자,초콜릿/비스킷,,,128g,9,저난이도 (16개 미만),800.0
ITM-0653,화이트빼빼로빅팩,MFG-001,롯데웰푸드,과자,스낵,,,-,6,저난이도 (16개 미만),1200.0
ITM-0654,화이트엔젤미니팝핑스타,MFG-002,해태제과,과자,초콜릿,,,138g,12,저난이도 (16개 미만),600.0
ITM-0655,화이트엔젤큐티,MFG-002,해태제과,과자,초콜릿,,,27g,36,고난이도 (32개 초과),200.0
ITM-0656,화이트엔젤큐티슈,MFG-002,해태제과,과자,초콜릿,,,27g,36,고난이도 (32개 초과),200.0
ITM-0657,화이트쿠키빼빼로,MFG-001,롯데웰푸드,과자,초콜릿/비스킷,,,32g,40,고난이도 (32개 초과),180.0
ITM-0658,화이트하임,MFG-004,크라운제과,과자,비스킷/쿠키,,,47g,21,중난이도 (16~31개),342.9
ITM-0659,환만사과식초,MFG-098,환만식품,식품,조미료/식초,,,1.8kg,9,저난이도 (16개 미만),800.0
ITM-0660,환만식초,MFG-098,환만식품,식품,조미료/식초,,,1.8kg,1,저난이도 (16개 미만),7200.0
ITM-0661,황금보리,MFG-098,웅진식품,음료,차음료,,,500ml,24,중난이도 (16~31개),300.0
ITM-0662,후레쉬베리,MFG-003,오리온,과자,비스킷/케이크,,,336g,8,저난이도 (16개 미만),900.0
ITM-0663,후레쉬베리복숭아,MFG-098,기타제조사,과자,스낵,,,-,8,저난이도 (16개 미만),900.0
ITM-0664,후렌치파이딸기,MFG-002,해태제과,과자,비스킷/쿠키,,,192g,12,저난이도 (16개 미만),600.0
ITM-0665,후렌치파이사과,MFG-002,해태제과,과자,비스킷/쿠키,,,192g,12,저난이도 (16개 미만),600.0
ITM-0666,후렌치파이파인애플,MFG-002,해태제과,과자,스낵,,,-,12,저난이도 (16개 미만),600.0
