제품명,제조사,카테고리1,카테고리2,표준중량/규격
2%복숭아,롯데칠성음료,음료,혼합음료/음료수,1.5L
ABC초코,롯데웰푸드,과자,초콜릿,72g
ABC초코쿠키,롯데웰푸드,과자,비스킷/쿠키,152g
NEW칸츄리콘,해태제과,과자,스낵,90g
The빠새,해태제과,과자,스낵,100g
the빠새,해태제과,과자,스낵,100g
가나마일드,롯데웰푸드,과자,초콜릿,70g
가나프리미엄랑드샤모카,롯데웰푸드,과자,비스킷/쿠키,91g
갈배사이다,해태htb,음료,탄산음료,1.5L
갈아만든딸기,해태htb,음료,과채음료,238x12
갈아만든배,해태htb,음료,과채음료,238x12
계란과자,해태제과,과자,비스킷/쿠키,45g
고래밥볶음,오리온,과자,스낵,160g
고소미,오리온,과자,비스킷/쿠키,70g
고소한땅콩샌드,크라운제과,과자,비스킷/쿠키,93g
고향만두김치,해태제과식품,냉동식품,만두,450g
고향만두야채(대),해태제과식품,냉동식품,만두,1350g
고향만두야채(중),해태제과식품,냉동식품,만두,567g
고향만두잡채,해태제과식품,냉동식품,만두,450g
고향찹쌀만두피,해태제과식품,냉동식품,만두피,260g
고향찹쌀왕만두피,해태제과식품,냉동식품,만두피,360g
광동대추쌍화,광동제약,음료,전통차/건강음료,150ml
광동대추쌍화진(낱개),광동제약,음료,전통차/건강음료,100ml
광동돼지감자차,광동제약,음료,차음료,500ml
광동발효홍삼골드,광동제약,음료,건강음료,100ml
광동복분자,광동제약,음료,과채/건강음료,100ml
광동비타500,광동제약,음료,비타민음료,100x10
광동비타500(아연),광동제약,음료,비타민음료,180ml
광동비타500F캔,광동제약,음료,비타민음료,240ml
광동비타500zero,광동제약,음료,비타민음료,100ml
광동비타500zero스파클링,광동제약,음료,탄산음료,250ml
광동비타500zero스파클링유자,광동제약,음료,탄산음료,250ml
광동비타500로열폴리스,광동제약,음료,비타민음료,100ml
광동비타500비타민D1000IU,광동제약,음료,비타민음료,100ml
광동비타500스파클링,광동제약,음료,탄산음료,250ml
광동비타500신병,광동제약,음료,비타민음료,100x10
광동비타500이온킥제로,광동제약,음료,혼합음료/스포츠음료,500ml
광동비타500젤리,광동제약,과자,젤리/캔디,48x10
광동비타500치어팩,광동제약,음료,비타민음료,250ml
광동산삼배양근,광동제약,음료,건강음료,100ml
광동산삼배양근진액,광동제약,음료,건강음료,100ml
광동생강쌍화,광동제약,음료,전통차/건강음료,120ml
광동쌍화골드,광동제약,음료,전통차/건강음료,100ml
광동옥수수수염차,광동제약,음료,차음료,500ml
광동우엉차,광동제약,음료,차음료,500ml
광동위생천,광동제약,음료,건강음료,75ml
광동진쌍화,광동제약,음료,전통차/건강음료,100ml
광동진한헛개차,광동제약,음료,차음료,1.5L
광동진홍삼골드,광동제약,음료,건강음료,100ml
광동헛개파워,광동제약,음료,숙취해소음료,100ml
광동홈삼꿀D,광동제약,음료,건강음료,100ml
구운감자,해태제과,과자,스낵,135g
구운감자슬림,해태제과,과자,스낵,240g
구운감자케이스,해태제과,과자,스낵,108g
구운고구마,해태제과,과자,스낵,135g
구운양파,해태제과,과자,스낵,110g
구워만든곡물그대로21,개미식품,과자,스낵,180g
국화빵멀티,롯데웰푸드,과자,아이스크림,750g
국화빵식물성오리지날,롯데웰푸드,과자,아이스크림,150g
국화빵찰떡모나카,롯데웰푸드,과자,아이스크림,150g
김부각맛칩,해태제과,과자,스낵,120g
까스활명수,동화약품,음료,의약외품/건강음료,75x10
꼬깔콘고소한맛,롯데웰푸드,과자,스낵,67g
꼬깔콘군옥수수,롯데웰푸드,과자,스낵,67g
꼬깔콘매콤달콤,롯데웰푸드,과자,스낵,67g
꼬북칩초코츄러스,오리온,과자,스낵,160g
꼬북칩카라멜,오리온,과자,스낵,160g
꼬북칩콘스프,오리온,과자,스낵,80g
꿀꽈배기,농심,과자,스낵,300g
나랑드사이다,동아오츠카,음료,탄산음료,1.5L
나랑드사이다그린애플,동아오츠카,음료,탄산음료,245x6
나랑드사이다파인애플,동아오츠카,음료,탄산음료,245x6
내맘몰랑복숭아,서주,과자,젤리/캔디,50g
내맘몰랑청사과,서주,과자,젤리/캔디,50g
다이제(롤),오리온,과자,비스킷/쿠키,194g
다이제초코(롤),오리온,과자,비스킷/쿠키,225g
닥터페퍼,코카-콜라음료,음료,탄산음료,355ml
닥터페퍼제로,코카-콜라음료,음료,탄산음료,355ml
닭다리너겟,농심,과자,스낵,130g
닭다리스낵,농심,과자,스낵,280g
닭다리핫숯불바베큐,농심,과자,스낵,66g
닭다리후라이드,농심,과자,스낵,66g
더블비얀코,롯데웰푸드,과자,아이스크림,210g
더블비얀코베리&베리,롯데웰푸드,과자,아이스크림,185g
데미소다복숭아,동아오츠카,음료,탄산음료,250x6
데미소다애플,동아오츠카,음료,탄산음료,250x6
데미소다청포도,동아오츠카,음료,탄산음료,250x6
데미소다피치,동아오츠카,음료,탄산음료,250x6
도리토스나초치즈맛(소),롯데웰푸드,과자,스낵,84g
돼지바,롯데웰푸드,과자,아이스크림,70g
돼지콘,롯데웰푸드,과자,아이스크림,160g
딸기미니웨하스,크라운제과,과자,비스킷/쿠키,150g
딸기빼빼로,롯데웰푸드,과자,초콜릿/비스킷,32g
딸기웨하스,크라운제과,과자,비스킷/쿠키,50g
땅콩강정,오리온,과자,스낵,80g
땅콩카라멜,크라운제과,과자,젤리/캔디,120g
떳다떡볶이스낵,해태제과,과자,스낵,105g
떳다왕짱,해태제과,과자,스낵,220g
레츠비마일드,롯데칠성음료,음료,커피음료,175ml
레츠비모카라떼,롯데칠성음료,음료,커피음료,175ml
레츠비카페타임라떼,롯데칠성음료,음료,커피음료,240ml
롤리팝아이스,롯데웰푸드,과자,젤리/캔디,132g
롤리폴리,해태제과,과자,비스킷/쿠키,62g
롯샌파인애플,롯데웰푸드,과자,비스킷/쿠키,105g
리치치즈샌드,크라운제과,과자,비스킷/쿠키,45g
마가렛트,롯데웰푸드,과자,비스킷/쿠키,176g
마린보이,오리온,과자,스낵,40g
마이구미포도,오리온,과자,젤리/캔디,66g
마이쮸딸기,크라운제과,과자,젤리/캔디,44x15
마이쮸사과,크라운제과,과자,젤리/캔디,44x15
마이쮸애플망고,크라운제과,과자,젤리/캔디,44x15
마이쮸자일리톨딸기,크라운제과,과자,젤리/캔디,110g
마이쮸자일리톨복숭아,크라운제과,과자,젤리/캔디,110g
마이쮸자일리톨포도,크라운제과,과자,젤리/캔디,110g
마이쮸포도,크라운제과,과자,젤리/캔디,44x15
마이쮸핑크리치,크라운제과,과자,젤리/캔디,44x15
말랑카우딸기,롯데웰푸드,과자,젤리/캔디,79g
말랑카우밀크,롯데웰푸드,과자,젤리/캔디,79g
맛동산,해태제과,과자,스낵,90g
맛동산8팩,해태제과,과자,스낵,304g
망고바,롯데웰푸드,과자,아이스크림,80g
망고캔,해태htb,음료,과채음료,240ml
먹태깡청양마요맛,농심,과자,스낵,60g
메가톤,롯데웰푸드,과자,아이스크림,70g
명가찰떡초코,롯데웰푸드,과자,초콜릿/떡,350g
몽쉘오리지날,롯데웰푸드,과자,비스킷/케이크,204g
몽쉘카카오,롯데웰푸드,과자,비스킷/케이크,204g
몽쉘크림,롯데웰푸드,과자,비스킷/케이크,204g
미니자유시간,해태제과,과자,초콜릿,180g
미림,롯데칠성음료,식품,조미료/맛술,1.8kg
밀강정,크라운제과,과자,스낵,80g
밀키스,롯데칠성음료,음료,탄산음료,1.5L
밀키스(내수용),롯데칠성음료,음료,탄산음료,250ml
밀키스(미주용),롯데칠성음료,음료,탄산음료,250ml
밀키스(캐나다용),롯데칠성음료,음료,탄산음료,250ml
밀키스복숭아,롯데칠성음료,음료,탄산음료,250ml
밀키스제로,롯데칠성음료,음료,탄산음료,250ml
바나나킥,농심,과자,스낵,75g
바이오생과즙,매일유업,음료,유제품/요구르트,99ml
바이오생우유,매일유업,음료,유제품/우유,99ml
바이오필스트로베리,매일유업,음료,유제품/요구르트,63x25
바이오필파인애플,매일유업,음료,유제품/요구르트,63x25
바이오필플레인,매일유업,음료,유제품/요구르트,63x25
박카스,동아제약,음료,건강음료/의약외품,100ml
밤+팥양갱,해태제과,과자,젤리/양갱,500g
배배,오리온,과자,비스킷/쿠키,80g
버터링골드,해태제과,과자,비스킷/쿠키,194g
버터링딥라즈베리,해태제과,과자,비스킷/쿠키,155g
버터링딥초코,해태제과,과자,비스킷/쿠키,155g
버터링딥피스타치오&아몬드,해태제과,과자,비스킷/쿠키,155g
버터와플,크라운제과,과자,비스킷/쿠키,135g
벌집핏자,농심,과자,스낵,90g
보석바,롯데웰푸드,과자,아이스크림,80g
복숭아봉봉,해태htb,음료,과채음료,238x12
붕어빵믹스,오뚜기,식품,프리믹스,1KG
비단박하,해태제과,과자,젤리/캔디,140g
비쵸비,오리온,과자,비스킷/초콜릿,125g
비타파워,광동제약,음료,비타민음료,100ml
빅파이딸기,크라운제과,과자,비스킷/쿠키,216g
빈츠,롯데웰푸드,과자,비스킷/초콜릿,102g
빠다코코낫,롯데웰푸드,과자,비스킷/쿠키,100g
빠삐코초코튜브,롯데웰푸드,과자,아이스크림,130g
빵빠레바닐라,롯데웰푸드,과자,아이스크림,195g
빵빠레초코,롯데웰푸드,과자,아이스크림,195g
뽀또치즈타르트,크라운제과,과자,비스킷/쿠키,161g
사루비아,해태제과,과자,비스킷/쿠키,60g
사브레,해태제과,과자,비스킷/쿠키,252g
사브레초코크렘,해태제과,과자,비스킷/쿠키,204g
산도딸기,크라운제과,과자,비스킷/쿠키,161g
산도크림,크라운제과,과자,비스킷/쿠키,161g
새콤달콤딸기,크라운제과,과자,젤리/캔디,29x15
새콤달콤포도,크라운제과,과자,젤리/캔디,29x15
샌드에이스우유크림,해태제과,과자,비스킷/쿠키,204g
샌드에이스찐초코,해태제과,과자,비스킷/쿠키,204g
설레임밀크쉐이크,롯데웰푸드,과자,아이스크림,160g
설레임쿠키앤크림,롯데웰푸드,과자,아이스크림,160g
셀렉션,롯데웰푸드,과자,아이스크림,500g
소보로,해태제과,과자,비스킷/쿠키,60g
솔틴크래커,해태제과,과자,비스킷/쿠키,141g
수박바,롯데웰푸드,과자,아이스크림,80g
수박바젤리,롯데웰푸드,과자,젤리/캔디,56g
수박아이스,롯데웰푸드,과자,아이스크림,160g
수출오감자,오리온,과자,스낵,50g
수출오감자칠리,오리온,과자,스낵,115g
수출오땅,오리온,과자,스낵,98g
수출왕고래볶음,오리온,과자,스낵,56g
스노위아몬드빼빼로,롯데웰푸드,과자,초콜릿/비스킷,32g
스위트콘칩,크라운제과,과자,스낵,100g
스윙칩볶음,오리온,과자,스낵,124g
스윙칩볶음고추장,오리온,과자,스낵,60g
스카치세가지,롯데웰푸드,과자,젤리/캔디,157g
스크류바,롯데웰푸드,과자,아이스크림,80g
스크류아이스,롯데웰푸드,과자,아이스크림,160g
신당동떡볶이,해태제과,과자,스낵,110g
신짱,삼양식품,과자,스낵,120g
신쫄이딸기맛,해태제과,과자,젤리/캔디,24g
신쫄이레몬콜라맛,해태제과,과자,젤리/캔디,24g
신쫄이미니레몬콜라맛,해태제과,과자,젤리/캔디,52g
신쫄이사과맛,해태제과,과자,젤리/캔디,24g
신쫄이샤인머스캣,해태제과,과자,젤리/캔디,24g
실론티,롯데칠성음료,음료,차음료,240ml
쌀강정,크라운제과,과자,스낵,80g
쌀대롱,삼양식품,과자,스낵,220g
쌀로별,롯데웰푸드,과자,스낵,78g
써니텐파인애플,해태htb,음료,탄산음료,1.5L
써니텐포도,해태htb,음료,탄산음료,1.5L
썬핫스파이시,오리온,과자,스낵,135g
씨리얼초코컵,확인필요,과자,초콜릿/비스킷,89g
아몬드빼빼로,롯데웰푸드,과자,초콜릿/비스킷,32g
아몬드빼빼로벌크,롯데웰푸드,과자,초콜릿/비스킷,128g
아몬드크래커,크라운제과,과자,비스킷/쿠키,133g
아이비,해태제과,과자,비스킷/쿠키,155g
아이스톡복숭아아이스티,자뎅,음료,차음료,230ml
아이스톡블루레몬에이드,자뎅,음료,과채/혼합음료,230ml
아이스톡블루베리에이드,자뎅,음료,과채/혼합음료,230ml
아이스톡석류에이드,자뎅,음료,과채/혼합음료,230ml
아이스톡수박에이드,자뎅,음료,과채/혼합음료,230ml
아이스톡아메리카노블랙,자뎅,음료,커피음료,230ml
아이스톡아메리카노스위트,자뎅,음료,커피음료,230ml
아이스톡제로레몬에이드,자뎅,음료,과채/혼합음료,230ml
아이스톡제로복숭아아이스티,자뎅,음료,차음료,230ml
아이스톡청포도에이드,자뎅,음료,과채/혼합음료,230ml
아이스톡키위에이드,자뎅,음료,과채/혼합음료,230ml
아이스톡패션망고에이드,자뎅,음료,과채/혼합음료,230ml
아이쮸딸기,크라운제과,과자,젤리/캔디,44x15
아이쮸사과,크라운제과,과자,젤리/캔디,44x15
아이쮸포도,크라운제과,과자,젤리/캔디,44x15
알사탕,해태제과,과자,젤리/캔디,126g
애니타임레몬,롯데웰푸드,과자,젤리/캔디,60g
애니타임밀크,롯데웰푸드,과자,젤리/캔디,60g
애니타임블루마린,롯데웰푸드,과자,젤리/캔디,60g
애니타임자두복숭아,롯데웰푸드,과자,젤리/캔디,60g
애플샌드,크라운제과,과자,비스킷/쿠키,272g
야채크래커,롯데웰푸드,과자,비스킷/쿠키,83g
야채크래커벌크,롯데웰푸드,과자,비스킷/쿠키,249g
양파깡,농심,과자,스낵,83g
얼려먹는초코만들기,오리온,과자,초콜릿/DIY,38g
엄마손파이,롯데웰푸드,과자,비스킷/쿠키,127g
에이스,해태제과,과자,비스킷/쿠키,121g
에이스바스크치즈,해태제과,과자,비스킷/쿠키,364g
에이스씬에스프레소,해태제과,과자,비스킷/쿠키,291g
연양갱,해태제과,과자,젤리/양갱,55g
연양갱10팩,해태제과,과자,젤리/양갱,500g
예감오리지날,오리온,과자,스낵/비스킷,64g
예감치즈,오리온,과자,스낵/비스킷,64g
예쓰피스타치오&초코,해태제과,과자,비스킷/케이크,280g
오곡쿠키,크라운제과,과자,비스킷/쿠키,288g
오뜨쇼콜라,오리온,과자,비스킷/케이크,150g
오라떼애플,동아오츠카,음료,혼합음료,240ml
오라떼피치,동아오츠카,음료,혼합음료,240ml
오란씨오렌지,동아오츠카,음료,탄산음료,1.5L
오란씨파인애플,동아오츠카,음료,탄산음료,1.5L
오로나민C,동아오츠카,음료,탄산/건강음료,120x10
오리온샌드나,오리온,과자,비스킷/쿠키,77g
오리지날크래커,해태제과,과자,비스킷/쿠키,172g
오리지널꽈배기,농심,과자,스낵,285g
오사쯔,해태제과,과자,스낵,100g
오예스,해태제과,과자,비스킷/케이크,360g
오예스미니,해태제과,과자,비스킷/케이크,192g
오예스쿠키앤크림,해태제과,과자,비스킷/케이크,360g
옥동자밀크,롯데웰푸드,과자,아이스크림,70g
와우소다,오리온,과자,껌,21g
와일드바디,롯데웰푸드,과자,아이스크림,70g
왓따복숭아,롯데웰푸드,과자,껌,23g
왓따콜라,롯데웰푸드,과자,껌,23g
왕꿈틀이,오리온,과자,젤리/캔디,67g
요구르트젤리,롯데웰푸드,과자,젤리/캔디,50g
월드콘바닐라,롯데웰푸드,과자,아이스크림,160g
월드콘초코,롯데웰푸드,과자,아이스크림,160g
월드콘쿠키앤크림,롯데웰푸드,과자,아이스크림,160g
웰치스딸기맛,농심(수입),음료,탄산음료,355ml
웰치스적포도,농심(수입),음료,탄산음료,355ml
웰치스청포도,농심(수입),음료,탄산음료,355ml
일품팥빙수,롯데웰푸드,과자,아이스크림,240g
잇츠와플바닐라,롯데웰푸드,과자,아이스크림,140g
자가비짭짤한맛,해태제과,과자,스낵,90g
자두,해태제과,과자,젤리/캔디,130g
자두젤리,해태제과,과자,젤리/캔디,64g
자두캔디,해태제과,과자,젤리/캔디,130g
자유시간,해태제과,과자,초콜릿,36g
자유시간미니피스타치오&카다,해태제과,과자,초콜릿,300g
자유시간아몬드,해태제과,과자,초콜릿,36g
자유시간아몬드벌크,해태제과,과자,초콜릿,36g
자유시간쿠키앤크림,해태제과,과자,초콜릿,30g
자일리톨아이스민트,롯데웰푸드,과자,껌,100g
자일리톨알파알로에베라,롯데웰푸드,과자,껌,86g
자일리톨알파오리지널,롯데웰푸드,과자,껌,86g
자일리톨알파후레쉬,롯데웰푸드,과자,껌,86g
자일리톨애플민트,롯데웰푸드,과자,껌,100g
제로라이스쿠키&크림바,롯데웰푸드,과자,아이스크림,80g
제로모나카,롯데웰푸드,과자,아이스크림,140g
제로시트러스유자젤리,롯데웰푸드,과자,젤리/캔디,238g
제로초콜릿칩쿠키,롯데웰푸드,과자,비스킷/쿠키,168g
제로쿠앤크샌드,롯데웰푸드,과자,아이스크림,288g
제로후르츠젤리,롯데웰푸드,과자,젤리/캔디,238g
제주감귤,롯데칠성음료,음료,과채음료,1.5L
조이그릭요거트블루베리,롯데웰푸드,과자,아이스크림,85g
조이그릭요거트스트로베리,롯데웰푸드,과자,아이스크림,85g
조이망고바,롯데웰푸드,과자,아이스크림,80g
조청유과,농심,과자,스낵,320g
졸음번쩍껌,롯데웰푸드,과자,껌,87g
죠리퐁,크라운제과,과자,스낵,74g
죠스바,롯데웰푸드,과자,아이스크림,80g
죠스바젤리,롯데웰푸드,과자,젤리/캔디,70g
주물러콜라,롯데웰푸드,과자,아이스크림,130g
쫄병스낵매콤한맛,농심,과자,스낵,82g
쫄병스낵바베큐맛,농심,과자,스낵,82g
쫄병스낵안성탕면맛,농심,과자,스낵,77g
쫄병스낵짜파게티맛,농심,과자,스낵,77g
찰떡아이스당통팥,롯데웰푸드,과자,아이스크림,90g
찰떡아이스딸기,롯데웰푸드,과자,아이스크림,80g
찰떡아이스바닐라,롯데웰푸드,과자,아이스크림,80g
찰떡아이스쿠앤크,롯데웰푸드,과자,아이스크림,90g
찰떡아이스쿠키앤크림,롯데웰푸드,과자,아이스크림,90g
찰떡아이스하트딸기,롯데웰푸드,과자,아이스크림,80g
찰떡파이시트러스,롯데웰푸드,과자,비스킷/케이크,180g
찰떡파이인절미,롯데웰푸드,과자,비스킷/케이크,180g
찰떡파이초코,롯데웰푸드,과자,비스킷/케이크,210g
찰옥수수,롯데웰푸드,과자,아이스크림,140g
참붕어빵,오리온,과자,비스킷/케이크,232g
참쌀누룽지,크라운제과,과자,스낵/쌀과자,216g
참쌀선과,크라운제과,과자,스낵/쌀과자,115g
참쌀설병,크라운제과,과자,스낵/쌀과자,128g
참크래커,크라운제과,과자,비스킷/쿠키,280g
청포도캔디,롯데웰푸드,과자,젤리/캔디,153g
초가을우엉차,광동제약,음료,차음료,500ml
초코빼빼로,롯데웰푸드,과자,초콜릿/비스킷,47g
초코빼빼로벌크,롯데웰푸드,과자,초콜릿/비스킷,180g
초코사브레,해태제과,과자,비스킷/쿠키,236g
초코송이,오리온,과자,초콜릿/비스킷,50g
초코쿠키빼빼로,롯데웰푸드,과자,초콜릿/비스킷,32g
초코쿠키빼빼로벌크,롯데웰푸드,과자,초콜릿/비스킷,128g
초코파이,오리온,과자,비스킷/케이크,336g
초코파이녹차,오리온,과자,비스킷/케이크,336g
초코파이바나나,오리온,과자,비스킷/케이크,336g
초코파이카카오,오리온,과자,비스킷/케이크,336g
초코파이흑당밀크,오리온,과자,비스킷/케이크,336g
초코퍼지,롯데웰푸드,과자,아이스크림,70g
초코픽,동서식품,과자,비스킷/초콜릿,45g
초코필드빼빼로,롯데웰푸드,과자,초콜릿/비스킷,45g
초코하임,크라운제과,과자,비스킷/쿠키,47g
촉칩,오리온,과자,비스킷/쿠키,160g
추억의라멘땅,전인식품,과자,스낵,100g
츄러스,크라운제과,과자,스낵,84g
치킨팝닭강정,오리온,과자,스낵,81g
치토스매콤달콤,롯데웰푸드,과자,스낵,164g
치토스바베큐,롯데웰푸드,과자,스낵,164g
칙촉,롯데웰푸드,과자,비스킷/쿠키,120g
칠성사이다,롯데칠성음료,음료,탄산음료,1.5L
카라멜땅콩,크라운제과,과자,스낵,150g
카라멜콘메이플,크라운제과,과자,스낵,74g
카스타드,롯데웰푸드,과자,비스킷/케이크,276g
칸쵸,롯데웰푸드,과자,비스킷/쿠키,42g
칸쵸벌크,롯데웰푸드,과자,비스킷/쿠키,196g
칸쵸컵,롯데웰푸드,과자,비스킷/쿠키,95g
칸츄리콘,해태제과,과자,스낵,150g
칸타빌레스딸기에이드,우일씨앤텍,음료,과채/혼합음료,230ml
칸타빌레스바닐라향아메리카노,우일씨앤텍,음료,커피음료,230ml
칸타빌레스복숭아에이드,우일씨앤텍,음료,과채/혼합음료,230ml
칸타빌레스사과에이드,우일씨앤텍,음료,과채/혼합음료,230ml
칸타빌레스오렌지에이드,우일씨앤텍,음료,과채/혼합음료,230ml
칸타빌레스위트아메리카노,우일씨앤텍,음료,커피음료,230ml
칸타빌레스청포도에이드,우일씨앤텍,음료,과채/혼합음료,230ml
칸타타카라멜마끼아또,롯데칠성음료,음료,커피음료,230ml
칼로리바란스치즈,해태제과,과자,체중조절용/비스킷,76g
캐나다용딸기빼빼로,롯데웰푸드,과자,초콜릿/비스킷,32g
캐나다용아몬드빼빼로,롯데웰푸드,과자,초콜릿/비스킷,32g
캐나다용아몬드빼빼로벌크,롯데웰푸드,과자,초콜릿/비스킷,128g
캐나다용초코빼빼로,롯데웰푸드,과자,초콜릿/비스킷,47g
캐나다용초코쿠키빼빼로,롯데웰푸드,과자,초콜릿/비스킷,32g
캐나다용초코필드빼빼로,롯데웰푸드,과자,초콜릿/비스킷,45g
캐나다용크런키빼빼로,롯데웰푸드,과자,초콜릿/비스킷,39g
캐나다용화이트빼빼로,롯데웰푸드,과자,초콜릿/비스킷,32g
코코팜포도,해태htb,음료,과채/혼합음료,238x12
콘치크림치즈,크라운제과,과자,스낵,66g
콘칩,크라운제과,과자,스낵,70g
쿠크다스커피,크라운제과,과자,비스킷/쿠키,128g
쿠크다스화이트,크라운제과,과자,비스킷/쿠키,77g
쿠키오초코,롯데웰푸드,과자,아이스크림,130g
크런키빼빼로,롯데웰푸드,과자,초콜릿/비스킷,39g
크런키빼빼로벌크,롯데웰푸드,과자,초콜릿/비스킷,140g
크런키빼빼로빅팩,롯데웰푸드,과자,초콜릿/비스킷,312g
크림미니웨하스,크라운제과,과자,비스킷/쿠키,150g
크림웨하스,크라운제과,과자,비스킷/쿠키,50g
통아몬드,오리온,과자,젤리/캔디,90g
통크초코,오리온,과자,비스킷/쿠키,45g
티코밀크초코,롯데웰푸드,과자,아이스크림,510g
티코타크초코,롯데웰푸드,과자,아이스크림,510g
티피피넛버터볼,해태제과,과자,초콜릿,42g
포도봉봉,해태htb,음료,과채음료,238x12
포스틱,농심,과자,스낵,84g
포카리스웨트,동아오츠카,음료,이온/스포츠음료,1.5L
포카칩어니언,오리온,과자,스낵,66g
포카칩오리지널,오리온,과자,스낵,66g
피카픽,동서식품,과자,비스킷/초콜릿,45g
하비스트,롯데웰푸드,과자,비스킷/쿠키,100g
핫식스,롯데칠성음료,음료,에너지음료,250ml
핫케잌가루,오뚜기,식품,프리믹스,500g
허니버터메이플,해태제과,과자,스낵,60g
허니버터칩,해태제과,과자,스낵,60g
허니버터콰트로치즈맛,해태제과,과자,스낵,96g
허니버터프로마쥬블랑,해태제과,과자,스낵,60g
헤이즐넛카카오바,롯데웰푸드,과자,아이스크림,80g
홈런볼9팩,해태제과,과자,스낵,414g
홈런볼소금우유,해태제과,과자,스낵,49g
홈런볼초코,해태제과,과자,스낵,46g
홈런볼초코벌크,해태제과,과자,스낵,128g
홈런볼초코지컵,해태제과,과자,스낵,51g
홈런볼파티팩(12입),해태제과,과자,스낵,552g
홈런볼피스타치오&카라멜,해태제과,과자,스낵,44g
화이트빼빼로,롯데웰푸드,과자,초콜릿/비스킷,32g
화이트빼빼로벌크,롯데웰푸드,과자,초콜릿/비스킷,128g
화이트엔젤미니팝핑스타,해태제과,과자,초콜릿,138g
화이트엔젤큐티,해태제과,과자,초콜릿,27g
화이트엔젤큐티슈,해태제과,과자,초콜릿,27g
화이트쿠키빼빼로,롯데웰푸드,과자,초콜릿/비스킷,32g
화이트하임,크라운제과,과자,비스킷/쿠키,47g
환만사과식초,환만식품,식품,조미료/식초,1.8kg
환만식초,환만식품,식품,조미료/식초,1.8kg
황금보리,웅진식품,음료,차음료,500ml
후레쉬베리,오리온,과자,비스킷/케이크,336g
후렌치파이딸기,해태제과,과자,비스킷/쿠키,192g
후렌치파이사과,해태제과,과자,비스킷/쿠키,192g
촉촉한초코칩,오리온,과자,비스킷/쿠키,-
미국용 초코파이 바나나,오리온,과자,파이,336
THE 빠새,해태제과,과자,스낵,100
허니버터 메이플,해태제과,과자,스낵,60
얼려먹는 초코만들기,오리온,과자,초콜릿/DIY,38
샌드에이스 우유크림,해태제과,과자,비스킷/쿠키,204
에이스씬 솔티카라멜,해태제과,과자,비스킷/쿠키,291
에이스(시판),해태제과,과자,비스킷/쿠키,364
홈런볼초모(지컵),해태제과,과자,스낵,51
아이비 아몬드 크래커,해태제과,과자,비스킷/쿠키,178
허니버터 콰트로치즈,해태제과,과자,스낵,96
홈런볼 초코 벌크,해태제과,과자,스낵,128
홈런볼 초코,해태제과,과자,스낵,46
딸기 웨하스,크라운제과,과자,비스킷/쿠키,50
크림 웨하스,크라운제과,과자,비스킷/쿠키,50
오예스 미니,해태제과,과자,비스킷/케이크,192
미니 자유시간,해태제과,과자,초콜릿,180
홈런볼 소금우유,해태제과,과자,스낵,49
화이트 엔젤큐티 슈,해태제과,과자,초콜릿,27
자유시간들,해태제과,과자,스낵,60
자유시간 아몬드,해태제과,과자,초콜릿,36
오리지날 크래커,해태제과,과자,비스킷/쿠키,172
수출 오감자,오리온,과자,스낵,50
수출 왕고래 뽁음,기타제조사,기타,기타,56
마이구미 포도,오리온,과자,젤리/캔디,66
후렌치파이 사과,해태제과,과자,비스킷/쿠키,192
후렌치파이 딸기,해태제과,과자,비스킷/쿠키,192
롤리폴리 초코,해태제과,과자,스낵,62
마이쮸 딸기,크라운제과,과자,젤리/캔디,44*15
마이쮸 포도,크라운제과,과자,젤리/캔디,44*15
마이쮸 사과,크라운제과,과자,젤리/캔디,44*15
새콤달콤 딸기,크라운제과,과자,젤리/캔디,29*15
뽀또치즈 타르트,크라운제과,과자,비스킷/쿠키,322
화이트화임,기타제조사,기타,기타,47
쿠쿠다스 화이트,기타제조사,기타,기타,77
카라멜콘 메이플,크라운제과,과자,스낵,74
콘치즈 크림치즈,기타제조사,기타,기타,66
고향만두 야채(중),해태제과식품,냉동식품,만두,567
고향만두 야채(대),해태제과식품,냉동식품,만두,1350
고향만두 김치,해태제과식품,냉동식품,만두,450
고향만두 잡채,해태제과식품,냉동식품,만두,600
칼로리 바란스 치즈,해태제과,과자,체중조절용/비스킷,76
신쫄이 딸기맛,해태제과,과자,젤리/캔디,24
신쫄이 레몬콜라맛,해태제과,과자,젤리/캔디,24
신쫄이 사과맛,해태제과,과자,젤리/캔디,24
쌕쌕 오렌지,기타제조사,기타,기타,238
트레비(레몬),롯데칠성음료,음료,청량음료,500
트레비(라임),롯데칠성음료,음료,청량음료,500
트레비(플레인),롯데칠성음료,음료,청량음료,500
크림몽쉘,기타제조사,기타,기타,408
초코파이 녹차,오리온,과자,비스킷/케이크,336
자일리톨 아이스민트,롯데웰푸드,과자,껌,100
자일리톨 애플민트,롯데웰푸드,과자,껌,100
자일리톨 알파 알로에베라,롯데웰푸드,과자,껌,86
엄마손파이(대),기타제조사,기타,기타,254
롯데 파인애플 벌크,기타제조사,기타,기타,315
말랑카우 딸기,롯데웰푸드,과자,젤리/캔디,79
칙촉벌크,롯데웰푸드,과자,비스킷/쿠키,180
야채크래커 벌크,롯데웰푸드,과자,비스킷/쿠키,249
카카오 몽쉘,기타제조사,기타,기타,408
청포도 캔디,롯데웰푸드,과자,젤리/캔디,153
꼬깔콘 군옥수수(소),롯데웰푸드,과자,비스킷/쿠키,67
꼬깔콘 매콤달콤(소),롯데웰푸드,과자,비스킷/쿠키,67
화이트쿠키 빼빼로,롯데웰푸드,과자,초콜릿/비스킷,128
쫄병스낵 매콤한맛,농심,과자,스낵,82
쫄병스낵 안성탕면맛,농심,과자,스낵,77
닭다리 후라이드,농심,과자,스낵,66
닭다리 핫술불바베큐,기타제조사,기타,기타,66
먹태깡 청양마요맛,농심,과자,스낵,60
홈런볼 소금우유 4번들,해태제과,과자,스낵,41
초코쿠키 빼빼로,롯데웰푸드,과자,초콜릿/비스킷,32
초코필드 빼빼로,롯데웰푸드,과자,초콜릿/비스킷,45
애니타임 레몬,롯데웰푸드,과자,젤리/캔디,60
비타500 비타민D,광동제약,음료,건강음료/한방,100
비타500 젤리,광동제약,음료,건강음료/한방,480*10
치어팩,기타제조사,기타,기타,250
비타500 ZERO스파클링,광동제약,음료,건강음료/한방,250
비타500 ZERO유자,광동제약,음료,건강음료/한방,250
헛개파워,광동제약,음료,건강음료/한방,100
발효홍삼골드,기타제조사,기타,기타,100
산삼배양근진액,기타제조사,기타,기타,100
홍삼꿀 D,기타제조사,기타,기타,100
진홍삼골드,기타제조사,기타,기타,100
복분자,기타제조사,기타,기타,100
대추쌍화,광동제약,음료,건강음료/한방,150
옥수수수염차,광동제약,음료,건강음료/한방,500
광동 진한 헛개차,광동제약,음료,차음료,500
밀싹보리차,음료제조사,음료,과채음료/차,500
돼지감자차,음료제조사,음료,과채음료/차,500
애니타임 자두 복숭아,롯데웰푸드,과자,젤리/캔디,60
애니타임 블루마린,롯데웰푸드,과자,젤리/캔디,60
초코파이 바나나,오리온,과자,비스킷/케이크,336
초코파이 카카오,오리온,과자,비스킷/케이크,336
몽쉘 카카오,롯데웰푸드,과자,비스킷/케이크,204
몽쉘 오리지날,롯데웰푸드,과자,비스킷/케이크,204
칸초칩,제과제조사,과자,스낵,95
칸쵸집,롯데웰푸드,과자,비스킷/쿠키,95
말랑카우 밀크,롯데웰푸드,과자,젤리/캔디,79
구운나초,기타제조사,기타,기타,26
마이쮸 자일리톨 포도,크라운제과,과자,젤리/캔디,110
마이쮸 자일리톨 딸기,크라운제과,과자,젤리/캔디,110
치토스 매콤달콤,롯데웰푸드,과자,스낵,164
닭다리 스낵,농심,과자,스낵,280g
쌍화골드,광동제약,음료,건강음료/한방,100
비타500 ZERO,광동제약,음료,건강음료/한방,-
진한 헛개차,광동제약,음료,건강음료/한방,-
광동 공진단(90환),광동제약,음료,건강음료/한방,-
광동 공진단(10환)*8,광동제약,음료,건강음료/한방,-
칸타빌레 오렌지 에이드,음료제조사,음료,과채음료/차,-
칸타빌레 블랙 아메리카노,기타제조사,기타,기타,-
칸타빌레 사과 에이드,음료제조사,음료,과채음료/차,-
칸타빌레 청포도 에이드,음료제조사,음료,과채음료/차,-
칸타빌레 더블망고 에이드,음료제조사,음료,과채음료/차,-
칸타빌레 딸기 에이드,음료제조사,음료,과채음료/차,-
칸타빌레 헤이즐넛향 아메리카노,기타제조사,기타,기타,-
칸타빌레 스위트 아메리카노,우일씨앤텍,음료,커피음료,230ml
칸타빌레 블루베리 에이드,음료제조사,음료,과채음료/차,-
카라멜 땅콩,크라운제과,과자,스낵,150g
초코 가나슈,롯데웰푸드,과자,초콜릿,-
화이트 하임,크라운제과,과자,비스킷/쿠키,47g
내맘몰랑 청사과,서주,과자,젤리/캔디,50g
내맘몰랑 복숭아,서주,과자,젤리/캔디,50g
참 크래커,크라운제과,과자,비스킷/쿠키,280g
빅파이 딸기,크라운제과,과자,비스킷/쿠키,216g
고소한 땅콩샌드,크라운제과,과자,비스킷/쿠키,93g
쿠쿠다스 커피,기타제조사,기타,기타,-
치토스 바베큐(소),기타제조사,기타,기타,-
치토스 매콤달콤(소),기타제조사,기타,기타,-
치토스 바베큐(대),기타제조사,기타,기타,-
치토스 매콤달콤(대),기타제조사,기타,기타,-
탕콩강정,기타제조사,기타,기타,-
예감 오리지널,오리온,과자,스낵,-
포카칩 어니언,오리온,과자,스낵,66g
포카칩 오리지널,오리온,과자,스낵,66g
오리온 샌드나,오리온,과자,비스킷/쿠키,77g
광동 복분자,광동제약,음료,과채/건강음료,100ml
광동 대추쌍화,광동제약,음료,전통차/건강음료,150ml
비타500 치어팩,광동제약,음료,건강음료/한방,-
우엉차,음료제조사,음료,과채음료/차,500
딸기 미니웨하스,크라운제과,과자,비스킷/쿠키,150g
홈,기타제조사,기타,기타,-
나랑드 사이다,동아오츠카,음료,탄산음료,1.5L
데미소다 애플,동아오츠카,음료,탄산음료,250x6
데미소다 피치,동아오츠카,음료,탄산음료,250x6
나랑드사이다 그린애플,동아오츠카,음료,탄산음료,245x6
레츠비 모카라떼,롯데칠성음료,음료,커피음료,175ml
홈런볼 9팩,해태제과,과자,스낵,414g
허니버터칩 콰트로치즈,해태제과,과자,스낵,-
초코빼빼로 벌크,롯데웰푸드,과자,초콜릿/비스킷,180g
크런키빼빼로 벌크,롯데웰푸드,과자,초콜릿/비스킷,140g
허니버터 프로마쥬블랑,해태제과,과자,스낵,60g
후렌차파이 사과,음료제조사,음료,과채음료/차,-
화이느 엔젤큐러슈,기타제조사,기타,기타,-
연얀갱,기타제조사,기타,기타,-
초코 빼빼로 벌크,롯데웰푸드,과자,초콜릿/비스킷,180g
꼬불꼬불한 매콤한 라뽁이,기타제조사,기타,기타,-
라멘 뽀식이,기타제조사,기타,기타,-
꼬깔콘 콘옥수수(대),롯데웰푸드,과자,비스킷/쿠키,-
꼬칼콘 소소한맛(대),기타제조사,기타,기타,-
초코파이 흑당밀크,오리온,과자,비스킷/케이크,336g
자일리톨 알파 후레쉬,롯데웰푸드,과자,껌,86g
가나 마일드,롯데웰푸드,과자,초콜릿,70g
찰떡파이 초코,롯데웰푸드,과자,비스킷/케이크,210g
롯,기타제조사,기타,기타,-
딸기 카드타드,기타제조사,기타,기타,-
크런키 빼빼로,롯데웰푸드,과자,초콜릿/비스킷,39g
구운감자 케이스,해태제과,과자,스낵,108g
오예스 미니 크림소다맛,해태제과,과자,스낵,-
오예스미니 크림소다맛,해태제과,과자,스낵,-
홈런볼 옥수수콘 크림맛,해태제과,과자,스낵,-
캐나다용 초코필드 빼빼로,롯데웰푸드,과자,초콜릿/비스킷,45g
캐나다용 화이트 빼배로,기타제조사,기타,기타,-
캐나다용 아몬드 빼빼로,롯데웰푸드,과자,초콜릿/비스킷,32g
초코파이 6봉,오리온,과자,파이,-
카스타드 12봉,롯데웰푸드,과자,비스킷/쿠키,-
구운나초 케이스,기타제조사,기타,기타,-
후렌치파이 파인애플,해태제과,과자,비스킷/쿠키,-
홈런볼 옥수수콘 소프크콘맛,해태제과,과자,스낵,-
카스타드6봉,롯데웰푸드,과자,비스킷/쿠키,-
구운 나초,기타제조사,기타,기타,-
에이스 바스크치즈,해태제과,과자,비스킷/쿠키,364g
구운 감자,해태제과,과자,스낵,135g
빵빠레 바닐라,롯데웰푸드,과자,아이스크림,195g
빵빠레 딸기,롯데웰푸드,냉동식품,아이스크림/빙과,-
빵빠레 초코,롯데웰푸드,과자,아이스크림,195g
빵빠레 블루베리,롯데웰푸드,냉동식품,아이스크림/빙과,-
그릭 요거트바 딸기,기타제조사,기타,기타,-
그릭 요거트 블루베리,기타제조사,기타,기타,-
구구바,롯데웰푸드,냉동식품,아이스크림/빙과,-
구구크러스터,롯데웰푸드,냉동식품,아이스크림/빙과,-
돼지바 저당,롯데웰푸드,냉동식품,아이스크림/빙과,-
구구콘 초코,롯데웰푸드,냉동식품,아이스크림/빙과,-
ZERO 말차크림 모나카,음료제조사,음료,과채음료/차,-
제로 아이스 트리플 초콜릿바,기타제조사,기타,기타,-
제로 아이스 쿠키&크림바,제과제조사,과자,비스킷/쿠키,-
매일 요구르트 로어슈거,기타제조사,기타,기타,-
롤링바,기타제조사,기타,기타,-
서주아이스캔디 메론,제과제조사,과자,비스킷/쿠키,-
서주아이스캔디 바닐라,제과제조사,과자,비스킷/쿠키,-
서주아이스캔디 딸기,제과제조사,과자,비스킷/쿠키,-
초코바나나멜로바,기타제조사,기타,기타,-
쿠크쿠크,기타제조사,기타,기타,-
더블더블 슬러쉬,기타제조사,기타,기타,-
더블더블 딸기&사과,기타제조사,기타,기타,-
메론 케이크 샌드,기타제조사,기타,기타,-
서주 우유콘,기타제조사,기타,기타,-
헤이즐리,기타제조사,기타,기타,-
4색 쿨믹스,기타제조사,기타,기타,-
서주 아이스쿨 복숭아,기타제조사,기타,기타,-
왕포도알 쭈쭈바,기타제조사,기타,기타,-
왕포도알 제로슈가,기타제조사,기타,기타,-
제주 담은 녹차빙수,음료제조사,음료,과채음료/차,-
서주 연유 팥빙수,기타제조사,기타,기타,-
신당동 떡볶이,해태제과,과자,스낵,110g
(냉동)가는면발 우동면,면류제조사,면류,생면/건면,-
메밀면,면류제조사,면류,생면/건면,-
소면,면류제조사,면류,생면/건면,-
평양냉면사리,면류제조사,면류,생면/건면,-
칡냉면,면류제조사,면류,생면/건면,-
녹차메밀소바,음료제조사,음료,과채음료/차,-
아이스톡아메리카노 블랙,자뎅,음료,커피음료,230ml
아이스톡 아메리카노 블랙,자뎅,음료,커피음료,230ml
아이스톡 석류 에이드,자뎅,음료,과채/혼합음료,230ml
아이스톡 키위 에이드,자뎅,음료,과채/혼합음료,230ml
아이스톡 제로 복숭아 아이스티,자뎅,음료,차음료,230ml
아이스톡 복숭아 아이스티,자뎅,음료,차음료,230ml
월드콘 쿠앤크,롯데웰푸드,냉동식품,아이스크림/빙과,-
월드콘 바닐라,롯데웰푸드,과자,아이스크림,160g
빠삐코 초코 튜브,롯데웰푸드,과자,아이스크림,130g
죠스 아이스,롯데웰푸드,냉동식품,아이스크림/빙과,-
설레임 밀크쉐이크,롯데웰푸드,과자,아이스크림,160g
제로 미니 바이트,기타제조사,기타,기타,-
주물러 콜라,롯데웰푸드,과자,아이스크림,130g
별난바,기타제조사,기타,기타,70
일품 팥빙수,롯데웰푸드,과자,아이스크림,240g
아이스톡 패션망고 에이드,자뎅,음료,과채/혼합음료,230ml
아이스톡 제로레몬 에이드,자뎅,음료,과채/혼합음료,230ml
아이스톡 청포도 에이드,자뎅,음료,과채/혼합음료,230ml
아이스톡 블루레몬 에이드,자뎅,음료,과채/혼합음료,230ml
아이스톡 블루베리 에이드,자뎅,음료,과채/혼합음료,230ml
꼬북 콘스프,기타제조사,기타,기타,-
캐나다용 초코 빼빼로,롯데웰푸드,과자,초콜릿/비스킷,47g
캐나다용 크런키 빼빼로,롯데웰푸드,과자,초콜릿/비스킷,39g
캐나다용 초코쿠키 빼빼로,롯데웰푸드,과자,초콜릿/비스킷,32g
크런키 빼빼로 벌크,롯데웰푸드,과자,초콜릿/비스킷,140g
바이오필 플레인,매일유업,음료,유제품/요구르트,63x25
바이오필 파인애플,매일유업,음료,유제품/요구르트,63x25
바이오필 스트로베리,매일유업,음료,유제품/요구르트,63x25
구운 양파,해태제과,과자,스낵,110g
The 빠새,해태제과,과자,스낵,100g
구운 감자 케이스,해태제과,과자,스낵,108g
에이스 바스크 치즈,해태제과,과자,비스킷/쿠키,364g
신쫄이 샤인머스캣,해태제과,과자,젤리/캔디,24g
오감자 딥 양념바베큐,오리온,과자,스낵,-
오뜨 치즈,기타제조사,기타,기타,-
오뜨 쇼콜라,오리온,과자,비스킷/케이크,150g
후레쉬 베리,오리온,과자,비스킷/케이크,336g
칠성 사이다(호주용),롯데칠성음료,음료,탄산음료,-
예감 치즈,오리온,과자,스낵/비스킷,64g
톰 아몬드,기타제조사,기타,기타,-
수출 왕고래 볶음,오리온,과자,스낵,56g
스윙칩 볶음 고추장,오리온,과자,스낵,60g
수출 오감자 칠리,오리온,과자,스낵,115g
포카칩 오리지날,오리온,과자,스낵,-
썬 핫 스파이시,오리온,과자,스낵,135g
후레쉬베리 복숭아,기타제조사,기타,기타,-
수출 오땅,오리온,과자,스낵,98g
고래밥 볶음 4P,오리온,과자,스낵,-
바이오 생우유,매일유업,음료,유제품/우유,99ml
2% 복숭아,롯데칠성음료,음료,혼합음료/음료수,240
웰치스 적포도,농심(수입),음료,탄산음료,355ml
캐나다용 화이트 빼빼로,롯데웰푸드,과자,초콜릿/비스킷,32g
제로 후르츠 젤리,롯데웰푸드,과자,젤리/캔디,238g
제로 시트러스 유자젤리,롯데웰푸드,과자,젤리/캔디,238g
아이스톡 수박 에이드,자뎅,음료,과채/혼합음료,230ml
아이스톡 제로 레몬 에이드,자뎅,음료,과채/혼합음료,230ml
아이스톡 아메리카노 스위트,자뎅,음료,커피음료,230ml
밀키스 딸기,롯데칠성음료,음료,탄산음료,-
레츠비 마일드(미주용),기타제조사,기타,기타,-
밀키스(호주용),롯데칠성음료,음료,탄산음료,-
밀키스 멜론,롯데칠성음료,음료,탄산음료,-
레츠비 마일드(호주용),기타제조사,기타,기타,-
숟가락,기타제조사,기타,기타,-
젓가락,기타제조사,기타,기타,-
콘치 크림치즈,크라운제과,과자,스낵,66g
콘초 가나슈,롯데웰푸드,과자,초콜릿,-
홍삼 양갱,기타제조사,기타,기타,-
쿠크다스 화이트,크라운제과,과자,비스킷/쿠키,77g
칙촉 벌크,롯데웰푸드,과자,비스킷/쿠키,-
마가렛트(大),롯데웰푸드,과자,비스킷/쿠키,-
마가렛트(小),롯데웰푸드,과자,비스킷/쿠키,-
씨리얼초코 컵,확인필요,과자,초콜릿/비스킷,89g
꼬깔콘 군옥수수(대),롯데웰푸드,과자,비스킷/쿠키,-
죠스바 젤리,롯데웰푸드,과자,젤리/캔디,70g
애니타임 밀크,롯데웰푸드,과자,젤리/캔디,60g
구운 고구마,해태제과,과자,스낵,135g
홈런볼 파티팩,해태제과,과자,스낵,-
칸쵸 벌크,롯데웰푸드,과자,비스킷/쿠키,196g
꼬깔콘 군옥수수,롯데웰푸드,과자,스낵,67g
꼬깔콘 고소한맛,롯데웰푸드,과자,스낵,67g
연양갱 10팩,해태제과,과자,젤리/양갱,500g
캐나다용 딸기 빼빼로,롯데웰푸드,과자,초콜릿/비스킷,32g
톡쏘는 쌀막걸리,기타제조사,기타,기타,-
통단팥죽,기타제조사,기타,기타,-
단호박죽,기타제조사,기타,기타,-
특전복죽,기타제조사,기타,기타,-
콩비지찌개,기타제조사,기타,기타,-
진한 추어탕,기타제조사,기타,기타,-
시원한 황태해장국,기타제조사,기타,기타,-
얼큰한 알탕,기타제조사,기타,기타,-
옥동자 밀크,롯데웰푸드,과자,아이스크림,70g
찰떡 아이스 옥수수크림치즈,기타제조사,기타,기타,-
찰떡 아이스 바닐라,롯데웰푸드,과자,아이스크림,80g
찰떡 아이스 당통팥,롯데웰푸드,과자,아이스크림,90g
빙빙바,기타제조사,기타,기타,75
찰떡 아이스 소금우유카라멜,기타제조사,기타,기타,-
위즐 바닐라 모나카,기타제조사,기타,기타,-
수박 아이스,롯데웰푸드,과자,아이스크림,160g
스크류 아이스,롯데웰푸드,과자,아이스크림,160g
티코 밀크초코,롯데웰푸드,과자,아이스크림,510g
비얀코 트리플 바닐라&딸기,기타제조사,기타,기타,-
조이 망고바,롯데웰푸드,과자,아이스크림,80g
찰옥수수 카라멜 팝콘맛,롯데웰푸드,냉동식품,아이스크림/빙과,-
돼지바빵,롯데웰푸드,냉동식품,아이스크림/빙과,-
죠스바 영칼로리 자몽허니블랙티,롯데웰푸드,냉동식품,아이스크림/빙과,-
스크류바 영칼로리 유자 민트티,롯데웰푸드,냉동식품,아이스크림/빙과,-
얼려먹는 초코 만들기,오리온,과자,초콜릿/DIY,38g
오예스 우베라떼,해태제과,과자,스낵,-
옥수수 수염차,음료제조사,음료,과채음료/차,-
옥수수 수염차 라이트,음료제조사,음료,과채음료/차,-
헛개 파워,광동제약,음료,건강음료/한방,-
진홍삼 골드,기타제조사,기타,기타,-
쌍화 골드,광동제약,음료,건강음료/한방,-
생강 쌍화,광동제약,음료,건강음료/한방,-
비타500 제로 아이스,광동제약,음료,건강음료/한방,-
산삼 배양근진액,기타제조사,기타,기타,-
비타500 이온킥,광동제약,음료,건강음료/한방,-
비타500 제로 스파클링,광동제약,음료,건강음료/한방,-
비타500 제로 스파클링 유자,광동제약,음료,건강음료/한방,-
대추 쌍화진,광동제약,음료,건강음료/한방,-
생강 쌍화진,광동제약,음료,건강음료/한방,-
비타500오리지널,광동제약,음료,건강음료/한방,100
진한헛개차,광동제약,음료,건강음료/한방,1.5
광동 옥수수 수염차,광동제약,음료,차음료,500ml
고기엔참소스,기타제조사,기타,기타,-
초코파이흑당,오리온,과자,파이,336
물엿,기타제조사,기타,기타,-
홈런볼지컵,해태제과,과자,스낵,51
구운나초케이스,기타제조사,기타,기타,104
자가비케첩맛,기타제조사,기타,기타,45
오예스미니크림소다맛,해태제과,과자,스낵,192
아이비아몬드크래커,해태제과,과자,비스킷/쿠키,178
홈런볼옥수수소프트콘맛,해태제과,과자,스낵,44
캐)허니버터칩,해태제과,과자,스낵,60
광동비타500ZERO,광동제약,음료,건강음료/한방,100
비타500이온킥,광동제약,음료,건강음료/한방,250
비타500이온킥제로,광동제약,음료,건강음료/한방,500
비타500치어팩,광동제약,음료,건강음료/한방,250
옥수수수염차라이트,광동제약,음료,건강음료/한방,500
홈런볼초코(지컵),해태제과,과자,스낵,51
캐나다용화이트뻬빼로,기타제조사,기타,기타,40
캐나다용아몬드뺴빼로,기타제조사,기타,기타,40
화이트빼빼로빅팩,롯데웰푸드,과자,비스킷/쿠키,256
아몬드빼빼로빅팩,롯데웰푸드,과자,비스킷/쿠키,256
고향만두야채,해태제과식품,냉동식품,만두,567
롯데트레이레몬,기타제조사,기타,기타,500
바베큐맛스낵,제과제조사,과자,스낵,100
고소한한입인절미쌀과자,제과제조사,과자,비스킷/쿠키,190
후레쉬베리12P,기타제조사,기타,기타,336
후레쉬베리복숭아,기타제조사,기타,기타,336
초코칩쿠키,제과제조사,과자,스낵,192
참붕어빵6P,기타제조사,기타,기타,174
참붕어빵8P,기타제조사,기타,기타,232
초코칩미니2P,제과제조사,과자,스낵,90
클린아이스얼음컵,기타제조사,기타,기타,240
캐)오예스,해태제과,과자,스낵,360
쌍화탕,광동제약,음료,건강음료/한방,100
쌍감탕,기타제조사,기타,기타,750
고소한미숫가루두유,매일유업,유가공/음료,두유/우유,190*15
에이스씬솔티카라멜,해태제과,과자,비스킷/쿠키,291
홈런볼옥수수4번들,해태제과,과자,스낵,156
오예스베이크하우스얼&쇼,해태제과,과자,스낵,280
광동V라인슬림핏,광동제약,음료,건강음료/한방,150
광옥고밸런스,기타제조사,기타,기타,10*30
검은콩칼슘,기타제조사,기타,기타,950
검은콩호두와아몬드,기타제조사,기타,기타,950
치토스매콤달콤(대),기타제조사,기타,기타,164
치토스바베큐(대),기타제조사,기타,기타,164
치토스매콤달콤(소),기타제조사,기타,기타,82
치토스바베큐(소),기타제조사,기타,기타,82
비타500,광동제약,음료,건강음료/한방,100*10
맛동산밤라떼맛,해태제과,과자,스낵,290
샌드에이스크림라떼,해태제과,과자,비스킷/쿠키,204
바삭한올모짜핫도그,CJ제일제당,냉동식품,냉동간편식,400
감자올모짜핫도그,CJ제일제당,냉동식품,냉동간편식,360
찰떡아이스,기타제조사,기타,기타,90
카카오몽쉘,기타제조사,기타,기타,204
가나프리미엄랑드샤쇼콜라,롯데웰푸드,과자,초콜릿,91
비타500ZERO,광동제약,음료,건강음료/한방,100
생강쌍화,광동제약,음료,건강음료/한방,120
위생천,기타제조사,기타,기타,75
오징어젓,기타제조사,기타,기타,10kg
칸타빌레블루베리에이드,음료제조사,음료,과채음료/차,230
칸타빌레딸기에이드,음료제조사,음료,과채음료/차,230
칸타빌레더블망고에이드,음료제조사,음료,과채음료/차,230
칸타빌레복숭아아이스티,기타제조사,기타,기타,230
칸타빌레블랙아메리카노,기타제조사,기타,기타,230
칸타빌레청포도에이드,음료제조사,음료,과채음료/차,230
칸타빌레헤이즐넛아메리카노,기타제조사,기타,기타,230
칸타빌레사과에이드,음료제조사,음료,과채음료/차,230
칸타빌레바닐라맛아메리카노,기타제조사,기타,기타,230
아맛나바,기타제조사,기타,기타,70
제로밀크모나카,기타제조사,기타,기타,140
제로미니바이트,기타제조사,기타,기타,380
죠스바영칼로리자몽허니블랙티,롯데웰푸드,냉동식품,아이스크림/빙과,80
와바닐라,기타제조사,기타,기타,190
위즐바닐라모나카,기타제조사,기타,기타,140
위즐쿠앤크샌드,기타제조사,기타,기타,130
조이그레인크럼블바,기타제조사,기타,기타,80
조이헤이즐넛카카오,기타제조사,기타,기타,80
가나밀크,롯데웰푸드,과자,초콜릿,70
딸기카스타드,롯데웰푸드,과자,비스킷/쿠키,230
구운감자2번들,해태제과,과자,스낵,48
웰치스청포도맛,기타제조사,기타,기타,355
그레이스,기타제조사,기타,기타,298
뽀또체다치즈,기타제조사,기타,기타,139
솔의눈,기타제조사,기타,기타,240
도리토스나쵸치즈맛(대),기타제조사,기타,기타,172
옥동자,기타제조사,기타,기타,70
스크류바영칼로리유자민트티,롯데웰푸드,냉동식품,아이스크림/빙과,80
빼빼로아이스바땅콩,롯데웰푸드,과자,비스킷/쿠키,75
더블비얀코트리플바닐라&딸기,기타제조사,기타,기타,230
더블비얀코트리플피넛&초코,기타제조사,기타,기타,230
요구르트아이스멀티,기타제조사,기타,기타,170
box (외포장 라벨링),공통/물류,외포장,박스라벨링,1
